"ID","Description","GeneRatio","BgRatio","pvalue","p.adjust","qvalue","geneID","Count"
"GO:0001944","vasculature development","52/389","358/8774",1.36851510845951e-14,4.98823757033493e-11,4.16604809859464e-11,"CALD1/LOX/PLK2/ACTG1/TGFB2/COL8A1/COL1A1/DDIT3/SAT1/CAV1/THY1/MYH9/WARS1/FOSL1/SPARC/AMOTL2/SARS1/THBS1/E2F7/FLNA/PDGFRB/ANGPTL4/HGS/KIT/NRP1/HMGA2/DDAH1/PIK3R3/ZFP36L1/AKT3/LDLR/CCBE1/GTF2I/CDH13/NPR3/COL1A2/PDCD4/COL4A2/FGF1/ADM/ITGB8/HAS2/COL4A1/NPPB/GREM1/CXCL8/SGCB/EPHA2/CARD10/NFATC4/ANXA3/CCN2",52
"GO:0048514","blood vessel morphogenesis","45/389","292/8774",1.11785458263529e-13,1.59173631783117e-10,1.32937735359692e-10,"CALD1/LOX/PLK2/ACTG1/TGFB2/COL8A1/SAT1/CAV1/THY1/MYH9/WARS1/SPARC/AMOTL2/SARS1/THBS1/E2F7/FLNA/PDGFRB/ANGPTL4/HGS/NRP1/HMGA2/DDAH1/PIK3R3/ZFP36L1/AKT3/LDLR/CCBE1/GTF2I/CDH13/NPR3/COL4A2/FGF1/ADM/ITGB8/HAS2/COL4A1/NPPB/GREM1/CXCL8/EPHA2/CARD10/NFATC4/ANXA3/CCN2",45
"GO:0001568","blood vessel development","49/389","341/8774",1.31007104348244e-13,1.59173631783117e-10,1.32937735359692e-10,"CALD1/LOX/PLK2/ACTG1/TGFB2/COL8A1/COL1A1/DDIT3/SAT1/CAV1/THY1/MYH9/WARS1/FOSL1/SPARC/AMOTL2/SARS1/THBS1/E2F7/FLNA/PDGFRB/ANGPTL4/HGS/NRP1/HMGA2/DDAH1/PIK3R3/ZFP36L1/AKT3/LDLR/CCBE1/GTF2I/CDH13/NPR3/COL1A2/COL4A2/FGF1/ADM/ITGB8/HAS2/COL4A1/NPPB/GREM1/CXCL8/EPHA2/CARD10/NFATC4/ANXA3/CCN2",49
"GO:0008203","cholesterol metabolic process","22/389","73/8774",3.01173597043608e-13,2.2772963948005e-10,1.90193954913379e-10,"INSIG1/DHCR24/HMGCR/HMGCS1/IDI1/MSMO1/ACLY/LIMA1/FDPS/CYP51A1/MVD/LSS/STARD4/ACADVL/ABCA1/LDLR/TM7SF2/FGF1/NPC1/PCSK9/MVK/SC5D",22
"GO:0001525","angiogenesis","41/389","254/8774",3.12386336735322e-13,2.2772963948005e-10,1.90193954913379e-10,"CALD1/PLK2/ACTG1/TGFB2/COL8A1/SAT1/CAV1/THY1/MYH9/WARS1/SPARC/AMOTL2/SARS1/THBS1/E2F7/FLNA/PDGFRB/ANGPTL4/HGS/NRP1/HMGA2/DDAH1/PIK3R3/AKT3/CCBE1/GTF2I/CDH13/NPR3/COL4A2/FGF1/ADM/ITGB8/COL4A1/NPPB/GREM1/CXCL8/EPHA2/CARD10/NFATC4/ANXA3/CCN2",41
"GO:0016125","sterol metabolic process","22/389","77/8774",1.01433001100964e-12,6.16205481688354e-10,5.14639016112258e-10,"INSIG1/DHCR24/HMGCR/HMGCS1/IDI1/MSMO1/ACLY/LIMA1/FDPS/CYP51A1/MVD/LSS/STARD4/ACADVL/ABCA1/LDLR/TM7SF2/FGF1/NPC1/PCSK9/MVK/SC5D",22
"GO:1902652","secondary alcohol metabolic process","22/389","80/8774",2.3883511125259e-12,1.24364854359384e-09,1.03866337104134e-09,"INSIG1/DHCR24/HMGCR/HMGCS1/IDI1/MSMO1/ACLY/LIMA1/FDPS/CYP51A1/MVD/LSS/STARD4/ACADVL/ABCA1/LDLR/TM7SF2/FGF1/NPC1/PCSK9/MVK/SC5D",22
"GO:0006695","cholesterol biosynthetic process","15/389","40/8774",5.6110980452069e-11,2.27249470830879e-08,1.89792930371209e-08,"INSIG1/DHCR24/HMGCR/HMGCS1/IDI1/MSMO1/ACLY/FDPS/CYP51A1/MVD/LSS/TM7SF2/FGF1/MVK/SC5D",15
"GO:1902653","secondary alcohol biosynthetic process","15/389","40/8774",5.6110980452069e-11,2.27249470830879e-08,1.89792930371209e-08,"INSIG1/DHCR24/HMGCR/HMGCS1/IDI1/MSMO1/ACLY/FDPS/CYP51A1/MVD/LSS/TM7SF2/FGF1/MVK/SC5D",15
"GO:0035239","tube morphogenesis","49/389","415/8774",1.99084286242376e-10,7.25662223353461e-08,6.06054479803107e-08,"CALD1/LOX/PLK2/ACTG1/TGFB2/COL8A1/SAT1/CAV1/THY1/MYH9/WARS1/SPARC/AMOTL2/SARS1/THBS1/E2F7/FLNA/PDGFRB/ANGPTL4/HGS/NRP1/HMGA2/DDAH1/PIK3R3/ZFP36L1/AKT3/LDLR/CCBE1/VDR/GTF2I/CDH13/NPR3/COL4A2/FGF1/ADM/ITGB8/HAS2/COL4A1/NPPB/GREM1/CXCL8/C2CD3/EPHA2/CARD10/NFATC4/MTSS1/ANXA3/SDCCAG8/CCN2",49
"GO:0016126","sterol biosynthetic process","15/389","44/8774",2.72437953712517e-10,9.02760310256475e-08,7.53962260417797e-08,"INSIG1/DHCR24/HMGCR/HMGCS1/IDI1/MSMO1/ACLY/FDPS/CYP51A1/MVD/LSS/TM7SF2/FGF1/MVK/SC5D",15
"GO:0044283","small molecule biosynthetic process","41/389","327/8774",1.13444457615764e-09,3.44587540007882e-07,2.87790676688411e-07,"TRIB3/ASNS/SLC38A1/INSIG1/SHMT2/DHCR24/PSAT1/HMGCR/HMGCS1/IDI1/ASS1/ACSS2/MSMO1/ACLY/PCK2/NT5E/FDPS/CYP51A1/BCAT1/PYCR1/PRPS1/MVD/PHGDH/ATF4/SESN2/LSS/STARD4/ACADVL/HACD2/ACACA/PRXL2B/TM7SF2/ELOVL2/FGF1/FADS2/ADM/FASN/MVK/DHFR/SC5D/CLK2",41
"GO:1901615","organic hydroxy compound metabolic process","35/389","254/8774",1.64559033597927e-09,4.42027866299512e-07,3.69170338412588e-07,"TGFB2/INSIG1/DHCR24/PSAT1/HMGCR/LDHA/HMGCS1/IDI1/ACSS2/MSMO1/ACLY/LIMA1/PCK2/FDPS/CYP51A1/NQO1/MVD/KIT/LSS/SLC7A11/STARD4/ACADVL/ALDH1B1/ABCA1/LDLR/TKFC/GPD2/TM7SF2/FGF1/INPP4B/NPC1/PCSK9/MVK/DHFR/SC5D",35
"GO:0006066","alcohol metabolic process","29/389","183/8774",1.69777506946315e-09,4.42027866299512e-07,3.69170338412588e-07,"INSIG1/DHCR24/HMGCR/HMGCS1/IDI1/ACSS2/MSMO1/ACLY/LIMA1/PCK2/FDPS/CYP51A1/MVD/LSS/STARD4/ACADVL/ALDH1B1/ABCA1/LDLR/TKFC/GPD2/TM7SF2/FGF1/INPP4B/NPC1/PCSK9/MVK/DHFR/SC5D",29
"GO:0055001","muscle cell development","19/389","88/8774",6.68356679760463e-09,1.62410673181792e-06,1.35641229324018e-06,"LOX/ACTG1/TPM1/MYL9/DNER/WDR1/PDGFRB/ACTN1/RCAN1/CAV2/SMYD3/UCHL1/TMOD3/RGS2/ADM/HNRNPU/SGCB/NFATC4/PDLIM5",19
"GO:0008202","steroid metabolic process","24/389","143/8774",1.41852457646938e-08,3.2315763007693e-06,2.69892965470358e-06,"INSIG1/DHCR24/HMGCR/HMGCS1/IDI1/MSMO1/ACLY/LIMA1/FDPS/CYP51A1/MVD/KIT/LSS/STARD4/ACADVL/ABCA1/LDLR/TM7SF2/FGF1/NPC1/ADM/PCSK9/MVK/SC5D",24
"GO:0045765","regulation of angiogenesis","23/389","133/8774",1.59086996492143e-08,3.41101236596389e-06,2.84879005483144e-06,"PLK2/TGFB2/WARS1/SPARC/SARS1/THBS1/ANGPTL4/HGS/NRP1/HMGA2/DDAH1/AKT3/CCBE1/GTF2I/COL4A2/FGF1/ADM/ITGB8/NPPB/GREM1/CXCL8/EPHA2/ANXA3",23
"GO:1901342","regulation of vasculature development","23/389","134/8774",1.8433585841217e-08,3.73280113284645e-06,3.11753978086548e-06,"PLK2/TGFB2/WARS1/SPARC/SARS1/THBS1/ANGPTL4/HGS/NRP1/HMGA2/DDAH1/AKT3/CCBE1/GTF2I/COL4A2/FGF1/ADM/ITGB8/NPPB/GREM1/CXCL8/EPHA2/ANXA3",23
"GO:0046165","alcohol biosynthetic process","17/389","78/8774",3.64141638762764e-08,6.98576985942251e-06,5.83433584100784e-06,"INSIG1/DHCR24/HMGCR/HMGCS1/IDI1/MSMO1/ACLY/PCK2/FDPS/CYP51A1/MVD/LSS/TM7SF2/FGF1/MVK/DHFR/SC5D",17
"GO:0098609","cell-cell adhesion","40/389","357/8774",4.67010812815994e-08,8.51127206357148e-06,7.1083961613887e-06,"ACTB/ACTG1/VCL/TGFB2/SERPINE2/PLAUR/CAV1/THY1/MYH9/ASS1/CD44/PRNP/MYL9/NT5E/LPP/FLNA/CADM1/KIT/L1CAM/SERPINB8/SLC7A11/ZFP36L1/TENM2/CDH13/AJUBA/DNAJA3/CLDN1/SOCS5/TMOD3/NECTIN2/TRO/PALLD/HAS2/NFKBIZ/NEXN/LIMS2/PDLIM5/CLSTN2/DSC3/MDGA1",40
"GO:1901617","organic hydroxy compound biosynthetic process","21/389","122/8774",7.37561225324397e-08,1.28019555538449e-05,1.06918649806424e-05,"TGFB2/INSIG1/DHCR24/PSAT1/HMGCR/HMGCS1/IDI1/MSMO1/ACLY/PCK2/FDPS/CYP51A1/MVD/LSS/SLC7A11/STARD4/TM7SF2/FGF1/MVK/DHFR/SC5D",21
"GO:0030198","extracellular matrix organization","21/389","130/8774",2.27199191890294e-07,3.60061328017445e-05,3.00713987618641e-05,"PTX3/LOX/MMP1/TGFB2/COL8A1/COL1A1/CAV1/COL5A2/CCDC80/CAV2/RIC1/COL1A2/COL4A2/PHLDB1/MATN2/HAS2/COL4A1/GREM1/ADAMTSL1/MPV17/COL11A1",21
"GO:0043062","extracellular structure organization","21/389","130/8774",2.27199191890294e-07,3.60061328017445e-05,3.00713987618641e-05,"PTX3/LOX/MMP1/TGFB2/COL8A1/COL1A1/CAV1/COL5A2/CCDC80/CAV2/RIC1/COL1A2/COL4A2/PHLDB1/MATN2/HAS2/COL4A1/GREM1/ADAMTSL1/MPV17/COL11A1",21
"GO:0045229","external encapsulating structure organization","21/389","131/8774",2.59713220874171e-07,3.94439454202648e-05,3.29425717003554e-05,"PTX3/LOX/MMP1/TGFB2/COL8A1/COL1A1/CAV1/COL5A2/CCDC80/CAV2/RIC1/COL1A2/COL4A2/PHLDB1/MATN2/HAS2/COL4A1/GREM1/ADAMTSL1/MPV17/COL11A1",21
"GO:0006694","steroid biosynthetic process","17/389","91/8774",3.92362411506457e-07,5.72064395976415e-05,4.77773513295442e-05,"INSIG1/DHCR24/HMGCR/HMGCS1/IDI1/MSMO1/ACLY/FDPS/CYP51A1/MVD/LSS/STARD4/TM7SF2/FGF1/ADM/MVK/SC5D",17
"GO:0043086","negative regulation of catalytic activity","30/389","251/8774",6.19399992854022e-07,8.68351143828042e-05,7.25224607017745e-05,"TRIB3/PTX3/TGFB2/SERPINE2/DHCR24/PLAUR/CAV1/PPP1R15A/THY1/WARS1/CD44/THBS1/CDKN1A/ANGPTL4/SERPINB8/SPRY4/PDCD4/UCHL1/SPOCK1/SERPINB2/SOCS5/RGS2/IFIT1/IFI16/PPP1R12A/SOCS4/HNRNPU/XIAP/RPS6KA1/NPRL2",30
"GO:0044092","negative regulation of molecular function","40/389","401/8774",1.04814884875325e-06,0.000141500094581689,0.000118177250315571,"TRIB3/PTX3/ACTB/TGFB2/SERPINE2/DHCR24/DDIT3/PLAUR/CAV1/PPP1R15A/THY1/WARS1/CD44/PRNP/THBS1/SLC6A9/CDKN1A/FLNA/ANGPTL4/SERPINB8/HMGA2/SPRY4/PDCD4/UCHL1/SPOCK1/SERPINB2/SOCS5/RGS2/IFIT1/PCSK9/IFI16/PPP1R12A/SOCS4/HNRNPU/CTTNBP2NL/GSTO1/XIAP/RPS6KA1/NUCKS1/NPRL2",40
"GO:0098742","cell-cell adhesion via plasma-membrane adhesion molecules","14/389","70/8774",1.79236888717838e-06,0.0002333280212059,0.000194869579763905,"TGFB2/CADM1/L1CAM/TENM2/CDH13/AJUBA/CLDN1/NECTIN2/TRO/PALLD/NEXN/CLSTN2/DSC3/MDGA1",14
"GO:0008299","isoprenoid biosynthetic process","7/389","16/8774",2.5795901180145e-06,0.000324227792419409,0.00027078673761517,"HMGCR/HMGCS1/IDI1/FDPS/MVD/LSS/MVK",7
"GO:0031589","cell-substrate adhesion","24/389","193/8774",4.23769887485678e-06,0.000514880413295099,0.00043001491740652,"ACTG1/VCL/COL8A1/COL1A1/THY1/CD44/THBS1/CCDC80/FLNA/ACTN1/L1CAM/NRP1/PREX1/SPRY4/CDK6/CDH13/AJUBA/SPOCK1/ITGB8/HAS2/GREM1/LIMS2/GBP1/CCN2",24
"GO:0016525","negative regulation of angiogenesis","10/389","39/8774",5.23715529607077e-06,0.000578467607702362,0.000483121311522701,"PLK2/TGFB2/SPARC/SARS1/THBS1/HGS/GTF2I/COL4A2/NPPB/EPHA2",10
"GO:1901343","negative regulation of vasculature development","10/389","39/8774",5.23715529607077e-06,0.000578467607702362,0.000483121311522701,"PLK2/TGFB2/SPARC/SARS1/THBS1/HGS/GTF2I/COL4A2/NPPB/EPHA2",10
"GO:2000181","negative regulation of blood vessel morphogenesis","10/389","39/8774",5.23715529607077e-06,0.000578467607702362,0.000483121311522701,"PLK2/TGFB2/SPARC/SARS1/THBS1/HGS/GTF2I/COL4A2/NPPB/EPHA2",10
"GO:0030155","regulation of cell adhesion","35/389","354/8774",6.27466510422054e-06,0.000672496766829598,0.000561652053908367,"ACTB/ACTG1/VCL/TGFB2/SERPINE2/COL8A1/COL1A1/PLAUR/CAV1/THY1/TPM1/ASS1/CD44/PRNP/THBS1/CCDC80/FLNA/NRP1/PREX1/SPRY4/CDK6/CDH13/SPOCK1/DNAJA3/LMO7/SOCS5/HAS2/PPP1R12A/GREM1/CXCL8/NFKBIZ/EPHA2/LIMS2/GBP1/MDGA1",35
"GO:0055094","response to lipoprotein particle","7/389","18/8774",6.6419433760948e-06,0.000672496766829598,0.000561652053908367,"ABCA1/LDLR/CDH13/SOCS5/NPC1/GAS5/CD68",7
"GO:0071404","cellular response to low-density lipoprotein particle stimulus","7/389","18/8774",6.6419433760948e-06,0.000672496766829598,0.000561652053908367,"ABCA1/LDLR/CDH13/SOCS5/NPC1/GAS5/CD68",7
"GO:0051346","negative regulation of hydrolase activity","16/389","100/8774",7.21825636924268e-06,0.000711095796375394,0.000593888973537691,"PTX3/TGFB2/SERPINE2/DHCR24/PLAUR/PPP1R15A/CD44/THBS1/ANGPTL4/SERPINB8/SPOCK1/SERPINB2/RGS2/IFI16/XIAP/RPS6KA1",16
"GO:0046394","carboxylic acid biosynthetic process","21/389","161/8774",8.03776111770347e-06,0.000770990507211293,0.000643911500066438,"TRIB3/ASNS/SLC38A1/INSIG1/SHMT2/PSAT1/ASS1/ACSS2/ACLY/BCAT1/PYCR1/PHGDH/STARD4/ACADVL/HACD2/ACACA/PRXL2B/ELOVL2/FADS2/FASN/DHFR",21
"GO:0010951","negative regulation of endopeptidase activity","11/389","50/8774",8.8460987459951e-06,0.000801183537240089,0.000669127944465624,"SERPINE2/DHCR24/PLAUR/CD44/THBS1/SERPINB8/SPOCK1/SERPINB2/IFI16/XIAP/RPS6KA1",11
"GO:0016053","organic acid biosynthetic process","21/389","162/8774",8.86458853884055e-06,0.000801183537240089,0.000669127944465624,"TRIB3/ASNS/SLC38A1/INSIG1/SHMT2/PSAT1/ASS1/ACSS2/ACLY/BCAT1/PYCR1/PHGDH/STARD4/ACADVL/HACD2/ACACA/PRXL2B/ELOVL2/FADS2/FASN/DHFR",21
"GO:0040012","regulation of locomotion","43/389","485/8774",9.01194102245368e-06,0.000801183537240089,0.000669127944465624,"HSPA5/PLK2/ACTG1/VCL/TGFB2/SERPINE2/COL1A1/CAV1/CAVIN1/THY1/TPM1/SPARC/CNN2/AMOTL2/THBS1/FLNA/PDGFRB/KIT/NRP1/PREX1/CDK6/PIK3R3/SRGAP1/DOCK4/AKT3/CCBE1/CDH13/AJUBA/FGF1/BEX4/CLDN1/ARHGEF2/TUBB2B/HAS2/TCAF1/GREM1/CXCL8/EPHA2/CARD10/NEXN/DPYSL3/ANXA3/RIGI",43
"GO:0009611","response to wounding","29/389","272/8774",9.60297620194764e-06,0.000833401148954741,0.000696035267569739,"ACTB/ACTG1/VCL/TGFB2/SERPINE2/DDIT3/PLAUR/CAV1/MYH9/TPM1/FOSL1/CD44/CNN2/THBS1/MYL9/CDKN1A/FLNA/NRP1/SLC7A11/ZFP36L1/AJUBA/FGF1/CLDN1/SERPINB2/DHFR/NFKBIZ/DPYSL3/THBD/CCN2",29
"GO:0071402","cellular response to lipoprotein particle stimulus","7/389","19/8774",1.01178958396745e-05,0.000857668147339847,0.00071630244230939,"ABCA1/LDLR/CDH13/SOCS5/NPC1/GAS5/CD68",7
"GO:0008285","negative regulation of cell population proliferation","38/389","409/8774",1.07179478310016e-05,0.000887884541909108,0.000741538400173602,"TGFB2/SERPINE2/DHCR24/HMGA1/CAV1/THY1/TPM1/WARS1/FOSL1/SPARC/PRNP/THBS1/E2F7/CDKN1A/FLNA/HGS/NRP1/CDK6/DDAH1/TBRG1/CAV2/HSPA1A/VDR/CDH13/PDCD4/SPOCK1/DNAJA3/ADM/GSDME/GREM1/CXCL8/CNN1/DPYSL3/LIMS2/NFATC4/MTSS1/BRIP1/TENT5B",38
"GO:2000145","regulation of cell motility","42/389","473/8774",1.11206661367075e-05,0.000900773957073308,0.000752303309177968,"HSPA5/PLK2/ACTG1/VCL/TGFB2/SERPINE2/COL1A1/CAV1/CAVIN1/THY1/TPM1/SPARC/CNN2/AMOTL2/THBS1/FLNA/PDGFRB/KIT/NRP1/PREX1/CDK6/PIK3R3/SRGAP1/DOCK4/AKT3/CCBE1/CDH13/AJUBA/FGF1/BEX4/CLDN1/ARHGEF2/HAS2/TCAF1/GREM1/CXCL8/EPHA2/CARD10/NEXN/DPYSL3/ANXA3/RIGI",42
"GO:0034330","cell junction organization","34/389","351/8774",1.32878924375993e-05,0.00105292104206629,0.000879372652849821,"ACTB/ACTG1/VCL/TGFB2/CAV1/THY1/TUBA1A/PRNP/SEPTIN11/THBS1/OXTR/DNER/WDR1/FLNA/ACTN1/L1CAM/ECT2/NRP1/SLC7A11/CDH13/AJUBA/DNAJA3/CLDN1/COL4A1/PRKCI/GREM1/EPHA2/LIMS2/NFATC4/MTSS1/PDLIM5/CLSTN2/MPP7/MDGA1",34
"GO:0014070","response to organic cyclic compound","39/389","430/8774",1.4343600935417e-05,0.00111239202999139,0.000929041296869565,"LOX/STC2/ACTB/TGFB2/INSIG1/SLC3A2/COL1A1/CAV1/SKP2/ASS1/FOSL1/THBS1/PCK2/NT5E/OXTR/CDKN1A/FLNA/NQO1/LBH/SLC7A11/ZFP36L1/PLIN2/CAV2/ABCA1/HSPA1A/VDR/SMYD3/DIAPH1/CLDN1/NPC1/ADM/TRIM25/IFIT1/DHFR/HNRNPU/NFKBIZ/THBD/ANXA3/RIGI",39
"GO:0097435","supramolecular fiber organization","42/389","480/8774",1.5919195719019e-05,0.00120518783198271,0.00100654197100397,"CALD1/LOX/ACTG1/TGFB2/COL1A1/AIF1L/TUBA1A/TPM1/CNN2/KRT80/COL5A2/MYL9/LIMA1/WDR1/RND3/ACTR2/FLNA/PDGFRB/ACTN1/NRP1/PREX1/LDLR/HSPA1A/MID1/PDE4DIP/COL1A2/DIAPH1/TMOD3/KRT17/ARHGEF2/DYNC1H1/ABITRAM/PRKCI/GREM1/CNN1/C9orf72/DPYSL3/MTSS1/SH3KBP1/CCN2/COL11A1/RFLNB",42
"GO:0044409","entry into host","15/389","95/8774",1.64358059547851e-05,0.00120518783198271,0.00100654197100397,"PTX3/SLC3A2/CAV1/NRP1/TRIM26/SLC52A2/CAV2/LDLR/HSPA1A/CLDN1/NPC1/NECTIN2/TRIM25/CXCL8/EPHA2",15
"GO:0070848","response to growth factor","35/389","370/8774",1.6532069025826e-05,0.00120518783198271,0.00100654197100397,"FSTL1/HSPA5/LOX/TGFB2/PEG10/COL1A1/DDIT3/CAV1/CD44/THBS1/GFRA1/PDGFRB/HGS/NRP1/SPRY4/ZFP36L1/CAV2/CCBE1/HSPA1A/COL1A2/PDCD4/COL4A2/FGF1/CLDN1/ITGB8/HAS2/GREM1/CXCL8/NFKBIZ/SHISA2/EPHA2/XIAP/ANXA3/CCN2/VASN",35
"GO:0030036","actin cytoskeleton organization","37/389","402/8774",1.73823779935575e-05,0.00124232878012779,0.00103756113843897,"CALD1/ACTB/ACTG1/AIF1L/ANLN/MYH9/TPM1/CNN2/AMOTL2/MYL9/LIMA1/WDR1/RND3/ACTR2/FLNA/PDGFRB/ACTN1/KIT/ECT2/NRP1/PREX1/DIAPH1/SIGLEC15/TMOD3/ARHGEF2/PALLD/ABITRAM/PRKCI/NUAK2/CNN1/C9orf72/DPYSL3/MTSS1/PDLIM5/SH3KBP1/CCN2/RFLNB",37
"GO:0042692","muscle cell differentiation","23/389","197/8774",1.92002112846527e-05,0.00128537673103951,0.00107351368310339,"LOX/ACTG1/MYH9/TPM1/MYL9/DNER/WDR1/PDGFRB/ACTN1/KIT/RCAN1/CAV2/SMYD3/PDCD4/UCHL1/TMOD3/RGS2/ADM/HNRNPU/GREM1/SGCB/NFATC4/PDLIM5",23
"GO:0010466","negative regulation of peptidase activity","11/389","54/8774",1.93189553023512e-05,0.00128537673103951,0.00107351368310339,"SERPINE2/DHCR24/PLAUR/CD44/THBS1/SERPINB8/SPOCK1/SERPINB2/IFI16/XIAP/RPS6KA1",11
"GO:0010810","regulation of cell-substrate adhesion","18/389","132/8774",1.93874917775575e-05,0.00128537673103951,0.00107351368310339,"ACTG1/VCL/COL8A1/COL1A1/THY1/THBS1/CCDC80/FLNA/NRP1/PREX1/SPRY4/CDK6/CDH13/SPOCK1/HAS2/GREM1/LIMS2/GBP1",18
"GO:0002040","sprouting angiogenesis","12/389","64/8774",1.97242946085311e-05,0.00128537673103951,0.00107351368310339,"PLK2/THBS1/E2F7/NRP1/PIK3R3/AKT3/CCBE1/CDH13/FGF1/GREM1/EPHA2/CARD10",12
"GO:0030334","regulation of cell migration","40/389","452/8774",1.97479003945714e-05,0.00128537673103951,0.00107351368310339,"HSPA5/PLK2/ACTG1/VCL/TGFB2/SERPINE2/COL1A1/CAV1/THY1/TPM1/SPARC/CNN2/AMOTL2/THBS1/FLNA/PDGFRB/KIT/NRP1/PREX1/PIK3R3/SRGAP1/DOCK4/AKT3/CCBE1/CDH13/AJUBA/FGF1/BEX4/CLDN1/ARHGEF2/HAS2/TCAF1/GREM1/CXCL8/EPHA2/CARD10/NEXN/DPYSL3/ANXA3/RIGI",40
"GO:0030855","epithelial cell differentiation","30/389","300/8774",2.37119543726574e-05,0.00149702252263139,0.00125027482072052,"FSTL1/VCL/CAV1/E2F7/KRT80/TAGLN/PCK2/CDKN1A/FLNA/ATF4/NRP1/LBH/TPP1/SLC7A11/CDK6/ZFP36L1/ACADVL/VDR/ZBED2/CLDN1/KRT17/FASN/PALLD/GSDME/COL4A1/GREM1/NFKBIZ/EPHA2/MTSS1/TRIM16",30
"GO:0045216","cell-cell junction organization","15/389","98/8774",2.40917002063204e-05,0.00149702252263139,0.00125027482072052,"ACTB/ACTG1/VCL/TGFB2/CAV1/WDR1/FLNA/ECT2/CDH13/CLDN1/PRKCI/EPHA2/LIMS2/MTSS1/MPP7",15
"GO:0048878","chemical homeostasis","40/389","456/8774",2.42316402840197e-05,0.00149702252263139,0.00125027482072052,"STC2/HERPUD1/INSIG1/MT2A/FTL/DDIT3/CAV1/TMEM97/THY1/SLC39A10/PRNP/LIMA1/PCK2/NT5E/PLCB4/FLNA/ATF4/SESN2/ANGPTL4/CMKLR2/SLC7A11/CNNM3/CAV2/ABCA1/LDLR/ACACA/VDR/MT1E/SLC39A13/DIAPH1/SLC4A8/NPC1/HKDC1/PCSK9/HAS2/NPPB/SGCB/GSTO1/XIAP/NUCKS1",40
"GO:0009991","response to extracellular stimulus","29/389","286/8774",2.50670713809528e-05,0.00152282458639288,0.00127182404269676,"HSPA5/ASNS/STC2/COL1A1/DDIT3/MAP1LC3B/WIPI1/ASS1/FOSL1/PCK2/CDKN1A/NQO1/ATF4/SESN2/ADORA2B/PLIN2/ABCA1/LDLR/VDR/ADM/TRIM25/PCSK9/IFI16/CD68/NFKBIZ/MAP1LC3B2/NUAK2/BRIP1/NPRL2",29
"GO:0019932","second-messenger-mediated signaling","15/389","100/8774",3.08039667946516e-05,0.00184066326174598,0.00153727475358296,"PRNP/LMCD1/THBS1/PDGFRB/ADORA2B/DDAH1/RCAN1/CDH13/ADM/NPPB/CXCL8/GSTO1/NFATC4/GBP1/DDAH2",15
"GO:0034097","response to cytokine","39/389","445/8774",3.14236770886365e-05,0.00184740811271097,0.00154290788014154,"HSPA5/LOX/ACTG1/MT2A/SHMT2/COL1A1/CAV1/TUBA1A/GFPT2/ASS1/FOSL1/CD44/THBS1/PCK2/OXTR/ACTR2/KIT/SPRY4/ZFP36L1/ABCA1/HSPA1A/KIF5B/CLDN1/SOCS5/ARHGEF2/FASN/TRIM25/IFIT1/IFI16/HAS2/GSDME/PRKCI/HNRNPU/CXCL8/NFKBIZ/DPYSL3/XIAP/GBP1/RIGI",39
"GO:0046718","viral entry into host cell","14/389","89/8774",3.28138663145919e-05,0.00189851655105853,0.00158559233720634,"PTX3/SLC3A2/CAV1/NRP1/TRIM26/SLC52A2/CAV2/LDLR/HSPA1A/CLDN1/NPC1/NECTIN2/TRIM25/EPHA2",14
"GO:0007156","homophilic cell adhesion via plasma membrane adhesion molecules","9/389","39/8774",3.91043962157067e-05,0.00222711756572267,0.00186003147789184,"CADM1/L1CAM/CDH13/NECTIN2/TRO/PALLD/NEXN/CLSTN2/DSC3",9
"GO:0061061","muscle structure development","32/389","340/8774",4.25551348178414e-05,0.00236203891248479,0.00197271432673627,"LOX/ACTB/ACTG1/TGFB2/DDIT3/CAV1/MYH9/TPM1/ASS1/TAGLN/MYL9/DNER/WDR1/PDGFRB/ACTN1/SERP1/KIT/ZFP36L1/RCAN1/CAV2/SMYD3/PDCD4/UCHL1/TMOD3/RGS2/ADM/HNRNPU/GREM1/SGCB/NFATC4/PDLIM5/COL11A1",32
"GO:0030029","actin filament-based process","38/389","435/8774",4.28319028236088e-05,0.00236203891248479,0.00197271432673627,"CALD1/ACTB/ACTG1/AIF1L/ANLN/CAV1/MYH9/TPM1/CNN2/AMOTL2/MYL9/LIMA1/WDR1/RND3/ACTR2/FLNA/PDGFRB/ACTN1/KIT/ECT2/NRP1/PREX1/DIAPH1/SIGLEC15/TMOD3/ARHGEF2/PALLD/ABITRAM/PRKCI/NUAK2/CNN1/C9orf72/DPYSL3/MTSS1/PDLIM5/SH3KBP1/CCN2/RFLNB",38
"GO:0045766","positive regulation of angiogenesis","13/389","80/8774",4.40654721670688e-05,0.00236203891248479,0.00197271432673627,"THBS1/ANGPTL4/NRP1/HMGA2/DDAH1/AKT3/CCBE1/FGF1/ADM/ITGB8/GREM1/CXCL8/ANXA3",13
"GO:1904018","positive regulation of vasculature development","13/389","80/8774",4.40654721670688e-05,0.00236203891248479,0.00197271432673627,"THBS1/ANGPTL4/NRP1/HMGA2/DDAH1/AKT3/CCBE1/FGF1/ADM/ITGB8/GREM1/CXCL8/ANXA3",13
"GO:0050878","regulation of body fluid levels","19/389","157/8774",6.22991721231934e-05,0.00329102148389913,0.00274857674722007,"ACTB/ACTG1/VCL/SERPINE2/PLAUR/CAV1/MYH9/THBS1/MYL9/OXTR/FLNA/SLC7A11/VDR/NPR3/SERPINB2/ADM/HAS2/NPPB/THBD",19
"GO:0051241","negative regulation of multicellular organismal process","39/389","460/8774",6.55608107237726e-05,0.00341384507268787,0.00285115585884436,"STC2/PLK2/TGFB2/SERPINE2/HMGCR/DDIT3/PLAUR/THY1/SPARC/PRNP/SARS1/THBS1/ASB1/CYP51A1/ATF4/HGS/ADORA2B/NRP1/CDK6/DOCK4/LDLR/GTF2I/NPR3/PDCD4/COL4A2/SERPINB2/SOCS5/RGS2/ADM/PCSK9/NPPB/GREM1/EPHA2/CARD10/THBD/NFATC4/GBP1/RFLNB/VASN",39
"GO:0033993","response to lipid","36/389","412/8774",6.82982919144728e-05,0.0034577672787107,0.00288783855895786,"LOX/STC2/TGFB2/INSIG1/COL1A1/CAV1/SKP2/ASS1/FOSL1/THBS1/PCK2/OXTR/MICB/CDKN1A/NQO1/LBH/ZFP36L1/ABCA1/LDLR/ACACA/HSPA1A/VDR/SMYD3/PDCD4/CLDN1/NPC1/ADM/TRIM25/CNP/CD68/HNRNPU/CXCL8/NFKBIZ/THBD/TRIM16/ANXA3",36
"GO:0000902","cell morphogenesis","39/389","461/8774",6.87414045798528e-05,0.0034577672787107,0.00288783855895786,"ACTB/ACTG1/VCL/TGFB2/THY1/TUBA1A/MYH9/TPM1/CD44/SPARC/WDR1/FLNA/ACTN1/ATF4/KIT/L1CAM/ECT2/NRP1/SDC2/C12orf57/VDR/KIF5B/CDH13/DIAPH1/UCHL1/ARHGEF2/KALRN/TUBB2B/WDR19/PALLD/ABITRAM/CNP/GREM1/EPHA2/NEXN/C9orf72/NFATC4/PDLIM5/SH3KBP1",39
"GO:0031667","response to nutrient levels","27/389","272/8774",6.92502088740414e-05,0.0034577672787107,0.00288783855895786,"HSPA5/ASNS/STC2/COL1A1/DDIT3/MAP1LC3B/WIPI1/ASS1/PCK2/CDKN1A/NQO1/ATF4/SESN2/PLIN2/ABCA1/LDLR/VDR/ADM/TRIM25/PCSK9/IFI16/CD68/NFKBIZ/MAP1LC3B2/NUAK2/BRIP1/NPRL2",27
"GO:0042632","cholesterol homeostasis","8/389","33/8774",7.25965094193881e-05,0.00350667497460488,0.00292868501236223,"INSIG1/CAV1/TMEM97/LIMA1/ABCA1/LDLR/NPC1/PCSK9",8
"GO:0055092","sterol homeostasis","8/389","33/8774",7.25965094193881e-05,0.00350667497460488,0.00292868501236223,"INSIG1/CAV1/TMEM97/LIMA1/ABCA1/LDLR/NPC1/PCSK9",8
"GO:0009064","glutamine family amino acid metabolic process","9/389","42/8774",7.31158568093199e-05,0.00350667497460488,0.00292868501236223,"ASNS/SLC38A1/GFPT2/ASS1/PYCR1/PHGDH/SLC7A11/DDAH1/DDAH2",9
"GO:0006940","regulation of smooth muscle contraction","7/389","25/8774",7.65924781542825e-05,0.00362365369199336,0.003026382637281,"CAV1/OXTR/ADORA2B/KIT/DOCK4/RGS2/CNN1",7
"GO:0051384","response to glucocorticoid","10/389","52/8774",7.77700800746866e-05,0.00362365369199336,0.003026382637281,"ASS1/FOSL1/PCK2/CDKN1A/ZFP36L1/SMYD3/CLDN1/ADM/HNRNPU/ANXA3",10
"GO:2000147","positive regulation of cell motility","27/389","274/8774",7.85373502517078e-05,0.00362365369199336,0.003026382637281,"HSPA5/PLK2/ACTG1/TGFB2/COL1A1/CAV1/CAVIN1/THY1/SPARC/THBS1/FLNA/PDGFRB/KIT/NRP1/PREX1/PIK3R3/DOCK4/AKT3/CCBE1/CDH13/FGF1/CLDN1/ARHGEF2/HAS2/CXCL8/EPHA2/ANXA3",27
"GO:0071363","cellular response to growth factor stimulus","32/389","352/8774",8.31915976348586e-05,0.00376195267548142,0.00314188640170162,"FSTL1/HSPA5/LOX/TGFB2/PEG10/COL1A1/CAV1/CD44/THBS1/GFRA1/PDGFRB/HGS/NRP1/SPRY4/ZFP36L1/CAV2/CCBE1/HSPA1A/COL1A2/PDCD4/COL4A2/FGF1/CLDN1/ITGB8/HAS2/GREM1/CXCL8/NFKBIZ/SHISA2/XIAP/CCN2/VASN",32
"GO:0048545","response to steroid hormone","20/389","174/8774",8.35989483440316e-05,0.00376195267548142,0.00314188640170162,"LOX/TGFB2/COL1A1/CAV1/SKP2/ASS1/FOSL1/THBS1/PCK2/OXTR/CDKN1A/LBH/ZFP36L1/HSPA1A/SMYD3/CLDN1/NPC1/ADM/HNRNPU/ANXA3",20
"GO:0009725","response to hormone","38/389","449/8774",8.47836029216949e-05,0.00376873454450705,0.00314755044479514,"TRIB3/LOX/STC2/TGFB2/INSIG1/COL1A1/DHCR24/CAV1/SKP2/ASS1/FOSL1/THBS1/PCK2/OXTR/CDKN1A/NQO1/SESN2/KIT/LBH/PIK3R3/ZFP36L1/CAV2/ACACA/HSPA1A/SMYD3/PDCD4/CLDN1/NPC1/ADM/TRIM25/PCSK9/PRKCI/HNRNPU/SGCB/TRIM16/ANXA3/BRIP1/NUCKS1",38
"GO:0070527","platelet aggregation","8/389","34/8774",9.13069340603217e-05,0.00400980451385389,0.00334888590110907,"ACTB/ACTG1/VCL/SERPINE2/MYH9/MYL9/FLNA/SLC7A11",8
"GO:0008610","lipid biosynthetic process","35/389","402/8774",9.29106509021904e-05,0.00403165860164862,0.00336713787480118,"TRIB3/INSIG1/DHCR24/HMGCR/HMGCS1/IDI1/ACSS2/MSMO1/ACLY/PCK2/FDPS/CYP51A1/MVD/ACSL3/LSS/PIK3R3/STARD4/ACADVL/HACD2/LDLR/ACACA/PRXL2B/AJUBA/TM7SF2/ELOVL2/FGF1/FADS2/INPP4B/SOCS5/ADM/FASN/MBOAT7/MVK/SOCS4/SC5D",35
"GO:0040017","positive regulation of locomotion","27/389","277/8774",9.45735819986279e-05,0.00404197027375983,0.00337574991891226,"HSPA5/PLK2/ACTG1/TGFB2/COL1A1/CAV1/CAVIN1/THY1/SPARC/THBS1/FLNA/PDGFRB/KIT/NRP1/PREX1/PIK3R3/DOCK4/AKT3/CCBE1/CDH13/FGF1/CLDN1/ARHGEF2/HAS2/CXCL8/EPHA2/ANXA3",27
"GO:0009636","response to toxic substance","15/389","110/8774",9.53661024810275e-05,0.00404197027375983,0.00337574991891226,"MT2A/ASS1/TXNRD1/CDKN1A/NQO1/ATF4/SESN2/SLC7A11/MT1E/CLDN1/DHFR/CNP/GSTO1/ABCB1/BRIP1",15
"GO:0007167","enzyme-linked receptor protein signaling pathway","40/389","485/8774",9.68634905488375e-05,0.00404491964225169,0.003378213155842,"FSTL1/HSPA5/LOX/TGFB2/PEG10/COL1A1/PLAUR/NOMO1/THBS1/GFRA1/PDGFRB/CADM1/HGS/KIT/NRP1/SPRY4/PIK3R3/CAV2/CCBE1/HSPA1A/CDH13/COL1A2/PDCD4/COL4A2/FGF1/SOCS5/ITGB8/KALRN/COL4A1/NPPB/SOCS4/GREM1/SHISA2/EPHA2/XIAP/NFATC4/MTSS1/CCN2/VASN/NUCKS1",40
"GO:0051093","negative regulation of developmental process","35/389","403/8774",9.76551244219886e-05,0.00404491964225169,0.003378213155842,"TRIB3/STC2/ACTB/PLK2/TGFB2/INSIG1/DDIT3/CAV1/THY1/SPARC/SARS1/THBS1/COL5A2/CDKN1A/HGS/KIT/NRP1/LBH/CDK6/ZFP36L1/ABCA1/LDLR/GTF2I/PDCD4/COL4A2/SOCS5/RGS2/NPPB/HNRNPU/GREM1/EPHA2/NFATC4/RFLNB/VASN/H4C8",35
"GO:0006937","regulation of muscle contraction","11/389","64/8774",0.000100697271979244,0.00412406243106005,0.00344431118348875,"CAV1/TPM1/MYL9/OXTR/ADORA2B/KIT/DOCK4/C12orf57/RGS2/CNN1/GSTO1",11
"GO:0022603","regulation of anatomical structure morphogenesis","36/389","421/8774",0.000106388968005114,0.0043041717757021,0.00359473388934531,"PLK2/TGFB2/THY1/MYH9/TPM1/WARS1/CD44/SPARC/SARS1/THBS1/WDR1/ANGPTL4/HGS/KIT/L1CAM/NRP1/HMGA2/DDAH1/SDC2/AKT3/CCBE1/GTF2I/DIAPH1/COL4A2/FGF1/PHLDB1/ADM/ITGB8/NPPB/GREM1/CXCL8/EPHA2/NFATC4/ANXA3/PDLIM5/SH3KBP1",36
"GO:0034109","homotypic cell-cell adhesion","9/389","44/8774",0.00010745668905045,0.0043041717757021,0.00359473388934531,"ACTB/ACTG1/VCL/SERPINE2/PLAUR/MYH9/MYL9/FLNA/SLC7A11",9
"GO:0034976","response to endoplasmic reticulum stress","22/389","207/8774",0.000121305216743021,0.00475438188202484,0.00397073782479701,"TRIB3/HSPA5/STC2/HERPUD1/DDIT3/CAV1/PPP1R15A/HM13/CHAC1/NIBAN1/THBS1/DNAJB9/SYVN1/ATF4/SESN2/SERP1/HSPA1A/TRIM25/HYOU1/SDF2L1/BFAR/CXCL8",22
"GO:0050673","epithelial cell proliferation","22/389","207/8774",0.000121305216743021,0.00475438188202484,0.00397073782479701,"TGFB2/COL8A1/CAV1/SPARC/THBS1/CDKN1A/KIT/NRP1/CDK6/ZFP36L1/AKT3/CAV2/VDR/CDH13/FGF1/CLDN1/HAS2/NFKBIZ/EPHA2/LIMS2/MTSS1/RPS6KA1",22
"GO:0019058","viral life cycle","22/389","208/8774",0.000130218386590801,0.00504942573535605,0.00421715088488909,"PTX3/SLC3A2/CAV1/DEK/NRP1/HMGA2/TRIM26/TMEM39A/SLC52A2/CAV2/ATG16L1/LDLR/HSPA1A/CLDN1/NPC1/NECTIN2/TRIM25/IFIT1/IFI16/CXCL8/EPHA2/NUCKS1",22
"GO:0034329","cell junction assembly","21/389","194/8774",0.000133105333247244,0.00510704147038111,0.00426527006926349,"ACTB/ACTG1/VCL/CAV1/THY1/THBS1/OXTR/DNER/WDR1/ACTN1/ECT2/NRP1/CDH13/AJUBA/CLDN1/GREM1/EPHA2/PDLIM5/CLSTN2/MPP7/MDGA1",21
"GO:0030335","positive regulation of cell migration","26/389","268/8774",0.00013757005112831,0.00522336287877803,0.00436241872656879,"HSPA5/PLK2/ACTG1/TGFB2/COL1A1/CAV1/THY1/SPARC/THBS1/FLNA/PDGFRB/KIT/NRP1/PREX1/PIK3R3/DOCK4/AKT3/CCBE1/CDH13/FGF1/CLDN1/ARHGEF2/HAS2/CXCL8/EPHA2/ANXA3",26
"GO:1903573","negative regulation of response to endoplasmic reticulum stress","8/389","36/8774",0.00014078078408746,0.00529016451545146,0.00441820974043336,"HSPA5/HERPUD1/PPP1R15A/DNAJB9/SYVN1/HSPA1A/HYOU1/BFAR",8
"GO:0070059","intrinsic apoptotic signaling pathway in response to endoplasmic reticulum stress","9/389","46/8774",0.000154374712625156,0.00574179415835403,0.00479539923643343,"TRIB3/HERPUD1/DDIT3/PPP1R15A/CHAC1/SYVN1/ATF4/HSPA1A/HYOU1",9
"GO:0071345","cellular response to cytokine stimulus","34/389","398/8774",0.000169255212186367,0.0062316691759526,0.00520453028860152,"HSPA5/LOX/ACTG1/MT2A/COL1A1/CAV1/GFPT2/ASS1/FOSL1/CD44/THBS1/PCK2/ACTR2/KIT/SPRY4/ZFP36L1/ABCA1/HSPA1A/KIF5B/CLDN1/SOCS5/ARHGEF2/FASN/TRIM25/IFIT1/IFI16/HAS2/GSDME/HNRNPU/CXCL8/NFKBIZ/DPYSL3/XIAP/GBP1",34
"GO:0043588","skin development","16/389","129/8774",0.000176103768351197,0.00641898235640112,0.0053609694533859,"TGFB2/COL1A1/DHCR24/KRT80/COL5A2/CDKN1A/ZFP36L1/VDR/COL1A2/ZBED2/CLDN1/KRT17/PALLD/NFKBIZ/EPHA2/TRIM16",16
"GO:0044344","cellular response to fibroblast growth factor stimulus","9/389","47/8774",0.000183586057589996,0.0066254572268865,0.00553341197029984,"COL1A1/CD44/THBS1/SPRY4/ZFP36L1/FGF1/CXCL8/SHISA2/CCN2",9
"GO:0051701","biological process involved in interaction with host","16/389","130/8774",0.000192847266616128,0.00682936604394801,0.00570371138519894,"PTX3/SLC3A2/CAV1/NRP1/TRIM26/SLC52A2/CAV2/LDLR/HSPA1A/CLDN1/NPC1/NECTIN2/TRIM25/IFIT1/CXCL8/EPHA2",16
"GO:0044000","movement in host","15/389","117/8774",0.000192983457483304,0.00682936604394801,0.00570371138519894,"PTX3/SLC3A2/CAV1/NRP1/TRIM26/SLC52A2/CAV2/LDLR/HSPA1A/CLDN1/NPC1/NECTIN2/TRIM25/CXCL8/EPHA2",15
"GO:1901605","alpha-amino acid metabolic process","15/389","118/8774",0.000212333020220611,0.00744186402600122,0.00621525399269238,"ASNS/SLC38A1/SHMT2/PSAT1/GFPT2/ASS1/BCAT1/PYCR1/PHGDH/ATF4/AZIN1/SLC7A11/DDAH1/DHFR/DDAH2",15
"GO:0006084","acetyl-CoA metabolic process","6/389","21/8774",0.000224728604182873,0.00780129297377688,0.00651543983255007,"HMGCS1/ACSS2/ACLY/MVD/ACACA/MVK",6
"GO:0070613","regulation of protein processing","8/389","39/8774",0.000254720955436096,0.00875903662796764,0.00731532277180923,"SERPINE2/PLAUR/MYH9/CHAC1/PRNP/THBS1/CCBE1/XIAP",8
"GO:0031960","response to corticosteroid","10/389","60/8774",0.000270062724295956,0.00919980028092299,0.00768343727165671,"ASS1/FOSL1/PCK2/CDKN1A/ZFP36L1/SMYD3/CLDN1/ADM/HNRNPU/ANXA3",10
"GO:0010631","epithelial cell migration","19/389","176/8774",0.000285833496888312,0.00955837702897153,0.00798291137615642,"FSTL1/PLK2/TGFB2/ANLN/MYH9/SPARC/THBS1/KIT/NRP1/PIK3R3/AKT3/CCBE1/CDH13/FGF1/HAS2/GREM1/EPHA2/CARD10/ANXA3",19
"GO:0090132","epithelium migration","19/389","176/8774",0.000285833496888312,0.00955837702897153,0.00798291137615642,"FSTL1/PLK2/TGFB2/ANLN/MYH9/SPARC/THBS1/KIT/NRP1/PIK3R3/AKT3/CCBE1/CDH13/FGF1/HAS2/GREM1/EPHA2/CARD10/ANXA3",19
"GO:0043542","endothelial cell migration","15/389","122/8774",0.000307482218423446,0.0101888426013951,0.00850946005435987,"FSTL1/PLK2/MYH9/SPARC/THBS1/NRP1/PIK3R3/AKT3/CCBE1/CDH13/FGF1/GREM1/EPHA2/CARD10/ANXA3",15
"GO:0050806","positive regulation of synaptic transmission","10/389","61/8774",0.000310504430104239,0.0101962941236932,0.00851568337469377,"PLK2/SERPINE2/HMGCR/SQSTM1/PRNP/OXTR/KIF5B/SLC4A8/NFATC4/CLSTN2",10
"GO:0051146","striated muscle cell differentiation","16/389","136/8774",0.000325409316783724,0.010459573133186,0.00873556725180103,"ACTG1/MYH9/TPM1/MYL9/DNER/WDR1/PDGFRB/RCAN1/CAV2/SMYD3/TMOD3/RGS2/HNRNPU/GREM1/SGCB/PDLIM5",16
"GO:0003018","vascular process in circulatory system","13/389","97/8774",0.00032916539417603,0.010459573133186,0.00873556725180103,"SLC38A1/CAV1/OXTR/SLC6A9/ADORA2B/SLC2A3/DDAH1/DOCK4/SLC4A8/RGS2/ADM/NPPB/ABCB1",13
"GO:0090130","tissue migration","19/389","178/8774",0.000330443012487043,0.010459573133186,0.00873556725180103,"FSTL1/PLK2/TGFB2/ANLN/MYH9/SPARC/THBS1/KIT/NRP1/PIK3R3/AKT3/CCBE1/CDH13/FGF1/HAS2/GREM1/EPHA2/CARD10/ANXA3",19
"GO:0002042","cell migration involved in sprouting angiogenesis","7/389","31/8774",0.000332755304471748,0.010459573133186,0.00873556725180103,"PLK2/THBS1/NRP1/PIK3R3/AKT3/GREM1/CARD10",7
"GO:0006633","fatty acid biosynthetic process","11/389","73/8774",0.00033684340678621,0.010459573133186,0.00873556725180103,"TRIB3/INSIG1/ACSS2/ACLY/ACADVL/HACD2/ACACA/PRXL2B/ELOVL2/FADS2/FASN",11
"GO:0055088","lipid homeostasis","11/389","73/8774",0.00033684340678621,0.010459573133186,0.00873556725180103,"INSIG1/CAV1/TMEM97/LIMA1/SESN2/ANGPTL4/ABCA1/LDLR/ACACA/NPC1/PCSK9",11
"GO:0007015","actin filament organization","25/389","268/8774",0.000338608951911098,0.010459573133186,0.00873556725180103,"CALD1/ACTG1/AIF1L/TPM1/CNN2/LIMA1/WDR1/RND3/ACTR2/FLNA/ACTN1/NRP1/PREX1/DIAPH1/TMOD3/ARHGEF2/ABITRAM/PRKCI/CNN1/C9orf72/DPYSL3/MTSS1/SH3KBP1/CCN2/RFLNB",25
"GO:0030224","monocyte differentiation","5/389","15/8774",0.000346658079937806,0.0105297391781109,0.00879416813315909,"MYH9/CDK6/ZFP36L1/FASN/IFI16",5
"GO:0035886","vascular associated smooth muscle cell differentiation","5/389","15/8774",0.000346658079937806,0.0105297391781109,0.00879416813315909,"KIT/PDCD4/ADM/SGCB/NFATC4",5
"GO:0071774","response to fibroblast growth factor","9/389","51/8774",0.000350373423825979,0.0105546374367413,0.00881496252026735,"COL1A1/CD44/THBS1/SPRY4/ZFP36L1/FGF1/CXCL8/SHISA2/CCN2",9
"GO:0006767","water-soluble vitamin metabolic process","8/389","41/8774",0.000366036461584897,0.0108471780689183,0.00905928495424495,"SHMT2/PSAT1/ALDH1L2/MTHFD2/SLC2A3/SLC52A2/DHFR/GSTO1",8
"GO:1903317","regulation of protein maturation","8/389","41/8774",0.000366036461584897,0.0108471780689183,0.00905928495424495,"SERPINE2/PLAUR/MYH9/CHAC1/PRNP/THBS1/CCBE1/XIAP",8
"GO:0001837","epithelial to mesenchymal transition","12/389","86/8774",0.00038058425630303,0.011187335598585,0.0093433757999012,"TGFB2/COL1A1/SLC39A10/FLNA/FAM83D/HMGA2/PDCD4/PHLDB1/HAS2/GREM1/RFLNB/VASN",12
"GO:0098771","inorganic ion homeostasis","22/389","225/8774",0.000400535412635183,0.0116796126324419,0.00975451295445011,"STC2/HERPUD1/MT2A/FTL/DDIT3/CAV1/THY1/SLC39A10/PRNP/NT5E/PLCB4/FLNA/ATF4/CNNM3/CAV2/VDR/MT1E/SLC39A13/DIAPH1/NPPB/GSTO1/XIAP",22
"GO:0043525","positive regulation of neuron apoptotic process","7/389","32/8774",0.000409915513579831,0.0118582702142737,0.00990372318523702,"TGFB2/DDIT3/PRNP/NQO1/ATF4/PCSK9/NFATC4",7
"GO:0001894","tissue homeostasis","14/389","113/8774",0.000448030642520746,0.0126944109144163,0.0106020464557048,"ACTB/ACTG1/VCL/TUBA1A/NT5E/TPP1/AKT3/ACACA/SIGLEC15/CLDN1/NFKBIZ/XIAP/BARD1/CCN2",14
"GO:0060249","anatomical structure homeostasis","14/389","113/8774",0.000448030642520746,0.0126944109144163,0.0106020464557048,"ACTB/ACTG1/VCL/TUBA1A/NT5E/TPP1/AKT3/ACACA/SIGLEC15/CLDN1/NFKBIZ/XIAP/BARD1/CCN2",14
"GO:0048871","multicellular organismal-level homeostasis","32/389","386/8774",0.000449267217547242,0.0126944109144163,0.0106020464557048,"FSTL1/ACTB/ACTG1/VCL/DDIT3/SQSTM1/CAV1/TUBA1A/NT5E/OXTR/ATF4/KIT/TPP1/SLC7A11/CDK6/ZFP36L1/AKT3/ACADVL/ACACA/HSPA1A/NPR3/DNAJA3/SIGLEC15/CLDN1/TMOD3/DYNC1H1/HAS2/ARMCX1/NFKBIZ/XIAP/BARD1/CCN2",32
"GO:0044089","positive regulation of cellular component biogenesis","27/389","305/8774",0.000457252022916559,0.0127938131465535,0.0106850646508794,"MMP1/ANLN/CAV1/THY1/WIPI1/TPM1/WARS1/OXTR/ACTR2/FLNA/HGS/KIT/NRP1/TENM2/ABCA1/HSPA1A/PDE4DIP/AJUBA/PHLDB1/CLDN1/DYNC1H1/EPHA2/DPYSL3/MTSS1/CCN2/CLSTN2/MPP7",27
"GO:0007043","cell-cell junction assembly","10/389","64/8774",0.000463315043990414,0.0127938131465535,0.0106850646508794,"ACTB/ACTG1/VCL/CAV1/WDR1/ECT2/CDH13/CLDN1/EPHA2/MPP7",10
"GO:0030216","keratinocyte differentiation","10/389","64/8774",0.000463315043990414,0.0127938131465535,0.0106850646508794,"KRT80/CDKN1A/ZFP36L1/VDR/ZBED2/KRT17/PALLD/NFKBIZ/EPHA2/TRIM16",10
"GO:0010955","negative regulation of protein processing","5/389","16/8774",0.000486018038552397,0.0128035172437023,0.0106931692639628,"SERPINE2/CHAC1/PRNP/THBS1/XIAP",5
"GO:0030195","negative regulation of blood coagulation","5/389","16/8774",0.000486018038552397,0.0128035172437023,0.0106931692639628,"SERPINE2/PLAUR/THBS1/SERPINB2/THBD",5
"GO:0150105","protein localization to cell-cell junction","5/389","16/8774",0.000486018038552397,0.0128035172437023,0.0106931692639628,"ACTB/ACTG1/VCL/FLNA/MPP7",5
"GO:1900047","negative regulation of hemostasis","5/389","16/8774",0.000486018038552397,0.0128035172437023,0.0106931692639628,"SERPINE2/PLAUR/THBS1/SERPINB2/THBD",5
"GO:1903318","negative regulation of protein maturation","5/389","16/8774",0.000486018038552397,0.0128035172437023,0.0106931692639628,"SERPINE2/CHAC1/PRNP/THBS1/XIAP",5
"GO:1901888","regulation of cell junction assembly","13/389","101/8774",0.000490955821509176,0.0128035172437023,0.0106931692639628,"ACTG1/VCL/CAV1/THY1/THBS1/OXTR/NRP1/CLDN1/GREM1/EPHA2/PDLIM5/CLSTN2/MDGA1",13
"GO:0006935","chemotaxis","17/389","155/8774",0.000491767466150433,0.0128035172437023,0.0106931692639628,"LOX/TGFB2/PLAUR/FOSL1/THBS1/PDGFRB/KIT/L1CAM/NRP1/PREX1/DOCK4/CDH13/FGF1/TUBB2B/GREM1/CXCL8/EPHA2",17
"GO:0042330","taxis","17/389","155/8774",0.000491767466150433,0.0128035172437023,0.0106931692639628,"LOX/TGFB2/PLAUR/FOSL1/THBS1/PDGFRB/KIT/L1CAM/NRP1/PREX1/DOCK4/CDH13/FGF1/TUBB2B/GREM1/CXCL8/EPHA2",17
"GO:0032367","intracellular cholesterol transport","6/389","24/8774",0.000497824230149132,0.0128533010869757,0.01073474745319,"STARD4/ABCA1/LDLR/VPS52/NPC1/PCSK9",6
"GO:0002931","response to ischemia","7/389","33/8774",0.000500732168546104,0.0128533010869757,0.01073474745319,"SQSTM1/CAV1/NQO1/RCAN1/NPR3/UCHL1/HYOU1",7
"GO:0042060","wound healing","21/389","214/8774",0.000514810916708222,0.0131222782615487,0.0109593902916465,"ACTB/ACTG1/VCL/TGFB2/SERPINE2/PLAUR/CAV1/MYH9/TPM1/CD44/CNN2/THBS1/MYL9/CDKN1A/FLNA/SLC7A11/AJUBA/FGF1/CLDN1/SERPINB2/THBD",21
"GO:0006520","amino acid metabolic process","19/389","185/8774",0.000537828538408025,0.0136137848784531,0.0113698840137135,"ASNS/SLC38A1/SHMT2/PSAT1/GARS1/WARS1/GFPT2/ASS1/SARS1/AARS1/BCAT1/PYCR1/PHGDH/ATF4/AZIN1/SLC7A11/DDAH1/DHFR/DDAH2",19
"GO:0031668","cellular response to extracellular stimulus","19/389","186/8774",0.000575147172020413,0.0144580099449269,0.0120749591396228,"HSPA5/ASNS/COL1A1/MAP1LC3B/WIPI1/FOSL1/CDKN1A/ATF4/SESN2/ADORA2B/PLIN2/VDR/PCSK9/IFI16/CD68/MAP1LC3B2/NUAK2/BRIP1/NPRL2",19
"GO:0034762","regulation of transmembrane transport","20/389","201/8774",0.000582825472737287,0.0145506770419686,0.0121523523226837,"TRIB3/ACTB/SLC38A1/CAV1/THY1/PRNP/THBS1/SLC6A9/FLNA/AZIN1/KCNH7/DIAPH1/RGS2/PCSK9/TCAF1/CNIH3/PRKCI/CTTNBP2NL/GSTO1/ABCB1",20
"GO:0007596","blood coagulation","13/389","103/8774",0.000594367911057485,0.0146880664550774,0.0122670964372489,"ACTB/ACTG1/VCL/SERPINE2/PLAUR/CAV1/MYH9/THBS1/MYL9/FLNA/SLC7A11/SERPINB2/THBD",13
"GO:0043405","regulation of MAP kinase activity","10/389","66/8774",0.00059638788349834,0.0146880664550774,0.0122670964372489,"TRIB3/THBS1/PDGFRB/HGS/KIT/SPRY4/PDCD4/UCHL1/FGF1/RGS2",10
"GO:0001570","vasculogenesis","8/389","44/8774",0.00060441290408114,0.0147858056065487,0.0123487256701,"CAV1/PDGFRB/NRP1/ZFP36L1/ADM/ITGB8/HAS2/EPHA2",8
"GO:0007169","transmembrane receptor protein tyrosine kinase signaling pathway","27/389","311/8774",0.000619495211497471,0.014916795544503,0.0124581251071266,"LOX/COL1A1/PLAUR/THBS1/GFRA1/PDGFRB/CADM1/HGS/KIT/NRP1/SPRY4/PIK3R3/CAV2/CCBE1/CDH13/COL4A2/FGF1/SOCS5/KALRN/COL4A1/SOCS4/SHISA2/EPHA2/NFATC4/MTSS1/CCN2/NUCKS1",27
"GO:0006637","acyl-CoA metabolic process","9/389","55/8774",0.000626137096929755,0.014916795544503,0.0124581251071266,"HMGCS1/ACSS2/ACLY/MVD/ACSL3/HACD2/ACACA/ELOVL2/MVK",9
"GO:0008652","amino acid biosynthetic process","9/389","55/8774",0.000626137096929755,0.014916795544503,0.0124581251071266,"ASNS/SLC38A1/SHMT2/PSAT1/ASS1/BCAT1/PYCR1/PHGDH/DHFR",9
"GO:0035383","thioester metabolic process","9/389","55/8774",0.000626137096929755,0.014916795544503,0.0124581251071266,"HMGCS1/ACSS2/ACLY/MVD/ACSL3/HACD2/ACACA/ELOVL2/MVK",9
"GO:0042730","fibrinolysis","4/389","10/8774",0.000645635106154523,0.0152814283242418,0.012762657053991,"PLAUR/THBS1/SERPINB2/THBD",4
"GO:0050817","coagulation","13/389","104/8774",0.000652616213636422,0.0153470070884178,0.0128174267561055,"ACTB/ACTG1/VCL/SERPINE2/PLAUR/CAV1/MYH9/THBS1/MYL9/FLNA/SLC7A11/SERPINB2/THBD",13
"GO:1905897","regulation of response to endoplasmic reticulum stress","10/389","67/8774",0.000673925230503724,0.0157465222127312,0.0131510915426233,"HSPA5/HERPUD1/DDIT3/CAV1/PPP1R15A/DNAJB9/SYVN1/HSPA1A/HYOU1/BFAR",10
"GO:0044403","biological process involved in symbiotic interaction","19/389","189/8774",0.000700847647653397,0.0162712718197238,0.0135893489575167,"PTX3/SLC3A2/CAV1/NRP1/HMGA2/TRIM26/SLC52A2/CAV2/LDLR/HSPA1A/CLDN1/NPC1/FASN/NECTIN2/TRIM25/IFIT1/CXCL8/EPHA2/NUCKS1",19
"GO:0007599","hemostasis","13/389","105/8774",0.000715606519846407,0.0165087706635453,0.0137877019013712,"ACTB/ACTG1/VCL/SERPINE2/PLAUR/CAV1/MYH9/THBS1/MYL9/FLNA/SLC7A11/SERPINB2/THBD",13
"GO:2000117","negative regulation of cysteine-type endopeptidase activity","7/389","35/8774",0.00073013903683754,0.0167380930142946,0.0139792260478925,"DHCR24/PLAUR/CD44/THBS1/IFI16/XIAP/RPS6KA1",7
"GO:0032366","intracellular sterol transport","6/389","26/8774",0.000789841518549815,0.017993577094463,0.0150277741555662,"STARD4/ABCA1/LDLR/VPS52/NPC1/PCSK9",6
"GO:0006766","vitamin metabolic process","9/389","57/8774",0.000819289584805159,0.0184592366623864,0.0154166810851553,"SHMT2/PSAT1/ALDH1L2/MTHFD2/NQO1/SLC2A3/SLC52A2/DHFR/GSTO1",9
"GO:0006936","muscle contraction","14/389","120/8774",0.000825474780787103,0.0184592366623864,0.0154166810851553,"CALD1/CAV1/TPM1/MYL9/OXTR/FLNA/ADORA2B/KIT/DOCK4/C12orf57/TMOD3/RGS2/CNN1/GSTO1",14
"GO:0045926","negative regulation of growth","14/389","120/8774",0.000825474780787103,0.0184592366623864,0.0154166810851553,"STC2/TGFB2/SERPINE2/MT2A/CDKN1A/SESN2/NRP1/MEG3/HSPA1A/MT1E/JADE1/RGS2/NPPB/GREM1",14
"GO:0050819","negative regulation of coagulation","5/389","18/8774",0.000885828976079109,0.0196880891329778,0.0164429871554607,"SERPINE2/PLAUR/THBS1/SERPINB2/THBD",5
"GO:0007160","cell-matrix adhesion","14/389","121/8774",0.000896742174381008,0.0197793342558186,0.0165191927421348,"ACTG1/VCL/THY1/CD44/THBS1/ACTN1/L1CAM/NRP1/CDK6/CDH13/AJUBA/ITGB8/GREM1/CCN2",14
"GO:0071560","cellular response to transforming growth factor beta stimulus","16/389","149/8774",0.000900787239085291,0.0197793342558186,0.0165191927421348,"HSPA5/LOX/TGFB2/PEG10/COL1A1/CAV1/THBS1/ZFP36L1/CAV2/HSPA1A/COL1A2/COL4A2/CLDN1/ITGB8/NFKBIZ/VASN",16
"GO:0016485","protein processing","15/389","135/8774",0.000909351584554562,0.0198478235071939,0.0165763932085206,"SERPINE2/DHCR24/PLAUR/MYH9/HM13/CHAC1/PRNP/THBS1/CCBE1/PCSK9/IFI16/C2CD3/THBD/XIAP/TMEM208",15
"GO:0030168","platelet activation","9/389","58/8774",0.000932617307500623,0.0202344647966653,0.0168993060983196,"ACTB/ACTG1/VCL/SERPINE2/MYH9/MYL9/FLNA/SLC7A11/THBD",9
"GO:0003012","muscle system process","17/389","164/8774",0.000938942123536193,0.020251148167393,0.016913239621717,"CALD1/CAV1/TPM1/LMCD1/MYL9/OXTR/FLNA/ADORA2B/KIT/DOCK4/C12orf57/CAMTA2/TMOD3/RGS2/CNN1/GSTO1/PDLIM5",17
"GO:0030239","myofibril assembly","6/389","27/8774",0.000978076107818735,0.0206846612095847,0.017275298597392,"ACTG1/TPM1/MYL9/WDR1/PDGFRB/TMOD3",6
"GO:0043616","keratinocyte proliferation","6/389","27/8774",0.000978076107818735,0.0206846612095847,0.017275298597392,"CDKN1A/ZFP36L1/VDR/CDH13/HAS2/NFKBIZ",6
"GO:0035809","regulation of urine volume","4/389","11/8774",0.00097924881733366,0.0206846612095847,0.017275298597392,"NPR3/ADM/HAS2/NPPB",4
"GO:0050890","cognition","15/389","136/8774",0.000981741121881525,0.0206846612095847,0.017275298597392,"PLK2/HMGCR/TUBA1A/FOSL1/PRNP/OXTR/KIT/SLC7A11/C12orf57/RCAN1/LDLR/DOP1B/NFATC4/LRRN4/CLSTN2",15
"GO:0030199","collagen fibril organization","7/389","37/8774",0.00103564561686272,0.0216108877033135,0.0180488592124706,"LOX/TGFB2/COL1A1/COL5A2/COL1A2/GREM1/COL11A1",7
"GO:0071559","response to transforming growth factor beta","16/389","151/8774",0.00104035668497237,0.0216108877033135,0.0180488592124706,"HSPA5/LOX/TGFB2/PEG10/COL1A1/CAV1/THBS1/ZFP36L1/CAV2/HSPA1A/COL1A2/COL4A2/CLDN1/ITGB8/NFKBIZ/VASN",16
"GO:0090257","regulation of muscle system process","12/389","96/8774",0.00104365463242177,0.0216108877033135,0.0180488592124706,"CAV1/TPM1/LMCD1/MYL9/OXTR/ADORA2B/KIT/DOCK4/C12orf57/RGS2/CNN1/GSTO1",12
"GO:0001501","skeletal system development","21/389","226/8774",0.00104941759217736,0.0216108877033135,0.0180488592124706,"LOX/TGFB2/INSIG1/COL1A1/CD44/COL5A2/SERP1/HMGA2/VDR/NPR3/COL1A2/SIGLEC15/ITGB8/WDR19/HAS2/VCAN/GREM1/EPHA2/CCN2/COL11A1/RFLNB",21
"GO:0042594","response to starvation","16/389","152/8774",0.0011167523450752,0.0228683275157254,0.0190990406975606,"HSPA5/ASNS/DDIT3/MAP1LC3B/WIPI1/PCK2/CDKN1A/ATF4/SESN2/PLIN2/ADM/PCSK9/IFI16/MAP1LC3B2/NUAK2/NPRL2",16
"GO:0034405","response to fluid shear stress","5/389","19/8774",0.0011589178507053,0.0234960610162492,0.0196233076193756,"ASS1/ABCA1/SOCS5/HAS2/MTSS1",5
"GO:0033865","nucleoside bisphosphate metabolic process","10/389","72/8774",0.00119680452736573,0.0234960610162492,0.0196233076193756,"HMGCR/HMGCS1/ACSS2/ACLY/MVD/ACSL3/HACD2/ACACA/ELOVL2/MVK",10
"GO:0033875","ribonucleoside bisphosphate metabolic process","10/389","72/8774",0.00119680452736573,0.0234960610162492,0.0196233076193756,"HMGCR/HMGCS1/ACSS2/ACLY/MVD/ACSL3/HACD2/ACACA/ELOVL2/MVK",10
"GO:0034032","purine nucleoside bisphosphate metabolic process","10/389","72/8774",0.00119680452736573,0.0234960610162492,0.0196233076193756,"HMGCR/HMGCS1/ACSS2/ACLY/MVD/ACSL3/HACD2/ACACA/ELOVL2/MVK",10
"GO:0034620","cellular response to unfolded protein","10/389","72/8774",0.00119680452736573,0.0234960610162492,0.0196233076193756,"HSPA5/STC2/HERPUD1/DDIT3/PPP1R15A/DNAJB9/ATF4/SERP1/HSPA1A/BFAR",10
"GO:0030193","regulation of blood coagulation","6/389","28/8774",0.00119897595309255,0.0234960610162492,0.0196233076193756,"SERPINE2/PLAUR/CAV1/THBS1/SERPINB2/THBD",6
"GO:0055002","striated muscle cell development","6/389","28/8774",0.00119897595309255,0.0234960610162492,0.0196233076193756,"ACTG1/TPM1/MYL9/WDR1/PDGFRB/TMOD3",6
"GO:1900046","regulation of hemostasis","6/389","28/8774",0.00119897595309255,0.0234960610162492,0.0196233076193756,"SERPINE2/PLAUR/CAV1/THBS1/SERPINB2/THBD",6
"GO:0072330","monocarboxylic acid biosynthetic process","12/389","98/8774",0.00125335148637244,0.0244303003627141,0.020403560363575,"TRIB3/INSIG1/ACSS2/ACLY/STARD4/ACADVL/HACD2/ACACA/PRXL2B/ELOVL2/FADS2/FASN",12
"GO:0090287","regulation of cellular response to growth factor stimulus","16/389","154/8774",0.0012838634516358,0.024891927027726,0.0207890991160736,"FSTL1/HSPA5/LOX/PEG10/THBS1/HGS/NRP1/SPRY4/CAV2/CCBE1/HSPA1A/FGF1/GREM1/SHISA2/XIAP/VASN",16
"GO:0050680","negative regulation of epithelial cell proliferation","9/389","61/8774",0.0013509655509838,0.0260543356261161,0.0217599129682269,"TGFB2/CAV1/SPARC/THBS1/CDK6/CAV2/VDR/LIMS2/MTSS1",9
"GO:0031669","cellular response to nutrient levels","17/389","170/8774",0.0014000004190134,0.0268579027752833,0.0224310316442479,"HSPA5/ASNS/COL1A1/MAP1LC3B/WIPI1/CDKN1A/ATF4/SESN2/PLIN2/VDR/PCSK9/IFI16/CD68/MAP1LC3B2/NUAK2/BRIP1/NPRL2",17
"GO:0045823","positive regulation of heart contraction","4/389","12/8774",0.00141781398329918,0.0269163123391954,0.0224798138141515,"TGFB2/TPM1/RGS2/ADM",4
"GO:1903524","positive regulation of blood circulation","4/389","12/8774",0.00141781398329918,0.0269163123391954,0.0224798138141515,"TGFB2/TPM1/RGS2/ADM",4
"GO:0001775","cell activation","35/389","467/8774",0.00151892318266582,0.0286863989679633,0.0239581447737636,"ACTB/ACTG1/VCL/SERPINE2/CAV1/THY1/MYH9/SLC39A10/CD44/PRNP/THBS1/MYL9/DNAJB9/MICB/CDKN1A/SYVN1/FLNA/ADORA2B/KIT/PREX1/SLC7A11/CDK6/PIK3R3/ZFP36L1/LDLR/DNAJA3/SOCS5/NECTIN2/ITGB8/CXCL8/NFKBIZ/THBD/ANXA3/SH3KBP1/RPS6KA1",35
"GO:0033673","negative regulation of kinase activity","13/389","114/8774",0.00154992213043659,0.0291209596156771,0.0243210786827054,"TRIB3/CAV1/THY1/WARS1/CDKN1A/SPRY4/PDCD4/UCHL1/SOCS5/RGS2/SOCS4/HNRNPU/NPRL2",13
"GO:0060326","cell chemotaxis","12/389","101/8774",0.00163241687290149,0.0305136384703894,0.0254842083478063,"LOX/TGFB2/THBS1/PDGFRB/KIT/NRP1/PREX1/DOCK4/FGF1/GREM1/CXCL8/EPHA2",12
"GO:0007613","memory","8/389","51/8774",0.00165668305624267,0.0308092333673701,0.0257310816254233,"PLK2/TUBA1A/PRNP/OXTR/RCAN1/LDLR/NFATC4/LRRN4",8
"GO:0009913","epidermal cell differentiation","11/389","88/8774",0.00167189697126287,0.0309343373616912,0.0258355652732687,"KRT80/CDKN1A/ZFP36L1/VDR/ZBED2/KRT17/PALLD/GSDME/NFKBIZ/EPHA2/TRIM16",11
"GO:0030968","endoplasmic reticulum unfolded protein response","9/389","63/8774",0.0017054896569119,0.0313965141386054,0.0262215634651207,"HSPA5/STC2/HERPUD1/DDIT3/PPP1R15A/DNAJB9/ATF4/SERP1/BFAR",9
"GO:0052372","modulation by symbiont of entry into host","6/389","30/8774",0.00175322971749281,0.0321131774887502,0.0268201023167902,"PTX3/CAV1/TRIM26/NECTIN2/TRIM25/CXCL8",6
"GO:0061572","actin filament bundle organization","12/389","102/8774",0.00177799604016158,0.032210328536457,0.0269012403804588,"CALD1/ACTG1/AIF1L/TPM1/LIMA1/FLNA/ACTN1/NRP1/DPYSL3/MTSS1/CCN2/RFLNB",12
"GO:0009887","animal organ morphogenesis","32/389","419/8774",0.00178111134270771,0.032210328536457,0.0269012403804588,"TGFB2/COL8A1/INSIG1/COL1A1/CAV1/THY1/TUBA1A/TPM1/COL5A2/FLNA/ATF4/SERP1/NRP1/C12orf57/AKT3/VDR/COL1A2/PDCD4/TUFT1/FGF1/ADM/WDR19/HAS2/PRKCI/GREM1/C2CD3/EPHA2/LIMS2/CCN2/COL11A1/RPS6KA1/RFLNB",32
"GO:0009410","response to xenobiotic stimulus","18/389","189/8774",0.0017850442700588,0.032210328536457,0.0269012403804588,"LOX/COL1A1/ASS1/FOSL1/PRNP/THBS1/OXTR/CDKN1A/NQO1/PLIN2/ABCA1/UCHL1/AOX1/NPC1/PPP1R12A/NFKBIZ/GSTO1/ABCB1",18
"GO:0007611","learning or memory","13/389","116/8774",0.00181700090240182,0.0325298936184073,0.0271681329418623,"PLK2/HMGCR/TUBA1A/FOSL1/PRNP/OXTR/KIT/SLC7A11/RCAN1/LDLR/NFATC4/LRRN4/CLSTN2",13
"GO:0010811","positive regulation of cell-substrate adhesion","10/389","76/8774",0.00182060309963102,0.0325298936184073,0.0271681329418623,"COL8A1/THY1/CCDC80/FLNA/NRP1/PREX1/CDK6/CDH13/HAS2/LIMS2",10
"GO:0032787","monocarboxylic acid metabolic process","26/389","318/8774",0.0018570318190264,0.0330189316114694,0.0275765649326026,"TRIB3/SLC38A1/INSIG1/ACAT2/CAV1/LDHA/ALDH1L2/ACSS2/MSMO1/ACLY/PCK2/PHGDH/SESN2/KIT/ACSL3/STARD4/ACADVL/HACD2/ACACA/PRXL2B/ELOVL2/FADS2/NPC1/FASN/HKDC1/SLC2A6",26
"GO:1901607","alpha-amino acid biosynthetic process","8/389","52/8774",0.00188381998689872,0.0333326400594458,0.0278385661835008,"ASNS/SHMT2/PSAT1/ASS1/BCAT1/PYCR1/PHGDH/DHFR",8
"GO:1901654","response to ketone","12/389","103/8774",0.00193407887037311,0.0334454058618677,0.027932745289877,"TGFB2/CAV1/ASS1/FOSL1/THBS1/PCK2/OXTR/CDKN1A/NQO1/ACACA/SMYD3/CLDN1",12
"GO:0006939","smooth muscle contraction","7/389","41/8774",0.00194169130698379,0.0334454058618677,0.027932745289877,"CAV1/OXTR/ADORA2B/KIT/DOCK4/RGS2/CNN1",7
"GO:0042149","cellular response to glucose starvation","7/389","41/8774",0.00194169130698379,0.0334454058618677,0.027932745289877,"HSPA5/ASNS/ATF4/SESN2/PLIN2/IFI16/NUAK2",7
"GO:0034612","response to tumor necrosis factor","14/389","131/8774",0.00194173697497759,0.0334454058618677,0.027932745289877,"COL1A1/TUBA1A/ASS1/THBS1/PCK2/ZFP36L1/HSPA1A/CLDN1/ARHGEF2/HAS2/GSDME/CXCL8/XIAP/GBP1",14
"GO:0048762","mesenchymal cell differentiation","13/389","117/8774",0.001964166694811,0.0334454058618677,0.027932745289877,"TGFB2/COL1A1/SLC39A10/FLNA/FAM83D/NRP1/HMGA2/PDCD4/PHLDB1/HAS2/GREM1/RFLNB/VASN",13
"GO:0006882","intracellular zinc ion homeostasis","4/389","13/8774",0.00197687361889122,0.0334454058618677,0.027932745289877,"MT2A/SLC39A10/MT1E/SLC39A13",4
"GO:0046655","folic acid metabolic process","4/389","13/8774",0.00197687361889122,0.0334454058618677,0.027932745289877,"SHMT2/ALDH1L2/MTHFD2/DHFR",4
"GO:1900102","negative regulation of endoplasmic reticulum unfolded protein response","4/389","13/8774",0.00197687361889122,0.0334454058618677,0.027932745289877,"HSPA5/PPP1R15A/DNAJB9/BFAR",4
"GO:0050801","monoatomic ion homeostasis","23/389","270/8774",0.00198220348186603,0.0334454058618677,0.027932745289877,"STC2/HERPUD1/MT2A/FTL/DDIT3/CAV1/THY1/SLC39A10/PRNP/NT5E/PLCB4/FLNA/ATF4/CNNM3/CAV2/VDR/MT1E/SLC39A13/DIAPH1/SLC4A8/NPPB/GSTO1/XIAP",23
"GO:0055080","monoatomic cation homeostasis","23/389","270/8774",0.00198220348186603,0.0334454058618677,0.027932745289877,"STC2/HERPUD1/MT2A/FTL/DDIT3/CAV1/THY1/SLC39A10/PRNP/NT5E/PLCB4/FLNA/ATF4/CNNM3/CAV2/VDR/MT1E/SLC39A13/DIAPH1/SLC4A8/NPPB/GSTO1/XIAP",23
"GO:0071496","cellular response to external stimulus","20/389","222/8774",0.00199112567133753,0.0334454058618677,0.027932745289877,"HSPA5/ASNS/COL1A1/MAP1LC3B/WIPI1/FOSL1/CNN2/CDKN1A/ATF4/SESN2/ADORA2B/PLIN2/VDR/PCSK9/IFI16/CD68/MAP1LC3B2/NUAK2/BRIP1/NPRL2",20
"GO:0006979","response to oxidative stress","22/389","254/8774",0.00200160993847534,0.0334672854391863,0.0279510185517658,"STC2/COL1A1/DHCR24/SQSTM1/TPM1/HM13/FOSL1/PRNP/MICB/PYCR1/NQO1/ATF4/SESN2/ECT2/SLC7A11/RCAN1/HSPA1A/THG1L/TRIM25/GAS5/DHFR/MPV17",22
"GO:0043154","negative regulation of cysteine-type endopeptidase activity involved in apoptotic process","6/389","31/8774",0.00209414357661786,0.0345932752777488,0.0288914163896468,"DHCR24/PLAUR/CD44/THBS1/XIAP/RPS6KA1",6
"GO:0050818","regulation of coagulation","6/389","31/8774",0.00209414357661786,0.0345932752777488,0.0288914163896468,"SERPINE2/PLAUR/CAV1/THBS1/SERPINB2/THBD",6
"GO:0097193","intrinsic apoptotic signaling pathway","20/389","223/8774",0.00210021772112301,0.0345932752777488,0.0288914163896468,"TRIB3/HERPUD1/DDIT3/PLAUR/CAV1/PPP1R15A/CD44/CHAC1/CDKN1A/SYVN1/PYCR1/ATF4/HSPA1A/ARHGEF2/HYOU1/IFI16/GSDME/CDIP1/EPHA2/NFATC4",20
"GO:0071356","cellular response to tumor necrosis factor","13/389","118/8774",0.00212102907587565,0.0345932752777488,0.0288914163896468,"COL1A1/ASS1/THBS1/PCK2/ZFP36L1/HSPA1A/CLDN1/ARHGEF2/HAS2/GSDME/CXCL8/XIAP/GBP1",13
"GO:0022612","gland morphogenesis","8/389","53/8774",0.00213482397478965,0.0345932752777488,0.0288914163896468,"TGFB2/CAV1/NRP1/VDR/FGF1/EPHA2/LIMS2/RPS6KA1",8
"GO:0055123","digestive system development","8/389","53/8774",0.00213482397478965,0.0345932752777488,0.0288914163896468,"TGFB2/ASS1/OXTR/CDKN1A/KIT/VPS52/WDR19/CXCL8",8
"GO:1902532","negative regulation of intracellular signal transduction","27/389","338/8774",0.002135387362824,0.0345932752777488,0.0288914163896468,"TGFB2/HERPUD1/DDIT3/PLAUR/CAV1/CD44/PRNP/THBS1/SYVN1/PYCR1/ATF4/SESN2/SPRY4/RCAN1/HSPA1A/AJUBA/PDCD4/UCHL1/RGS2/NPC1/ARHGEF2/HYOU1/EPHA2/NUAK2/GBP1/RPS6KA1/NPRL2",27
"GO:1901890","positive regulation of cell junction assembly","7/389","42/8774",0.00224303777701531,0.0361764278638089,0.0302136248305928,"CAV1/THY1/OXTR/NRP1/CLDN1/EPHA2/CLSTN2",7
"GO:0031032","actomyosin structure organization","13/389","119/8774",0.00228806428843995,0.0367400631337604,0.0306843585539918,"ACTG1/ANLN/MYH9/TPM1/CNN2/MYL9/WDR1/PDGFRB/ECT2/NRP1/TMOD3/CNN1/CCN2",13
"GO:0048732","gland development","19/389","209/8774",0.00230730823526536,0.0368865724453607,0.0308067193739031,"TGFB2/SERPINE2/CAV1/ASS1/E2F7/PCK2/OXTR/CADM1/NRP1/LBH/VDR/FGF1/CLDN1/NPC1/FASN/PCSK9/EPHA2/LIMS2/RPS6KA1",19
"GO:0035967","cellular response to topologically incorrect protein","11/389","92/8774",0.00239749062910004,0.0381609316291251,0.0318710314840603,"HSPA5/STC2/HERPUD1/DDIT3/PPP1R15A/DNAJB9/ATF4/SERP1/HSPA1A/SDF2L1/BFAR",11
"GO:0031638","zymogen activation","6/389","32/8774",0.0024828115911651,0.0391768322502026,0.0327194856306652,"SERPINE2/DHCR24/PLAUR/THBS1/IFI16/THBD",6
"GO:0043903","regulation of biological process involved in symbiotic interaction","6/389","32/8774",0.0024828115911651,0.0391768322502026,0.0327194856306652,"PTX3/CAV1/TRIM26/NECTIN2/TRIM25/CXCL8",6
"GO:0008544","epidermis development","15/389","150/8774",0.00262677396869728,0.0412697892926793,0.0344674696800024,"TGFB2/KRT80/CDKN1A/ZFP36L1/VDR/ZBED2/CLDN1/KRT17/PALLD/EMP1/GSDME/NFKBIZ/EPHA2/TRIM16/CCN2",15
"GO:0071498","cellular response to fluid shear stress","4/389","14/8774",0.0026717130847096,0.0417956832350493,0.0349066828144574,"ASS1/SOCS5/HAS2/MTSS1",4
"GO:0061041","regulation of wound healing","8/389","55/8774",0.0027152625331136,0.0422954356119618,0.035324063183826,"ACTG1/SERPINE2/PLAUR/CAV1/THBS1/CLDN1/SERPINB2/THBD",8
"GO:0050678","regulation of epithelial cell proliferation","16/389","166/8774",0.00279295855485811,0.0432007910680621,0.0360801928435017,"TGFB2/CAV1/SPARC/THBS1/NRP1/CDK6/ZFP36L1/AKT3/CAV2/VDR/CDH13/FGF1/CLDN1/HAS2/LIMS2/MTSS1",16
"GO:0048729","tissue morphogenesis","24/389","294/8774",0.00280445516657608,0.0432007910680621,0.0360801928435017,"ACTB/ACTG1/VCL/TGFB2/TPM1/CD44/TXNRD1/WDR1/FLNA/NRP1/HMGA2/VDR/AJUBA/FGF1/VPS52/KRT17/ADM/COL4A1/GREM1/C2CD3/EPHA2/NFATC4/MTSS1/COL11A1",24
"GO:0032103","positive regulation of response to external stimulus","22/389","261/8774",0.00280894032459004,0.0432007910680621,0.0360801928435017,"CAV1/FOSL1/THBS1/FLNA/PDGFRB/CADM1/ADORA2B/NRP1/LDLR/HSPA1A/CDH13/TKFC/PDCD4/NAGK/NECTIN2/TRIM25/IFI16/CXCL8/NFKBIZ/THBD/XIAP/RIGI",22
"GO:0006986","response to unfolded protein","12/389","108/8774",0.00289226916475797,0.0435753432357766,0.036393009208827,"HSPA5/STC2/HERPUD1/DDIT3/PPP1R15A/CHAC1/THBS1/DNAJB9/ATF4/SERP1/HSPA1A/BFAR",12
"GO:0009069","serine family amino acid metabolic process","5/389","23/8774",0.00289741917152603,0.0435753432357766,0.036393009208827,"SHMT2/PSAT1/PHGDH/SLC7A11/DHFR",5
"GO:0090049","regulation of cell migration involved in sprouting angiogenesis","5/389","23/8774",0.00289741917152603,0.0435753432357766,0.036393009208827,"PLK2/THBS1/NRP1/AKT3/CARD10",5
"GO:0043297","apical junction assembly","6/389","33/8774",0.00292327368508043,0.0435753432357766,0.036393009208827,"VCL/WDR1/ECT2/CLDN1/EPHA2/MPP7",6
"GO:0032989","cellular component morphogenesis","28/389","363/8774",0.00295197130635813,0.0435753432357766,0.036393009208827,"ACTB/ACTG1/VCL/THY1/TUBA1A/TPM1/CD44/MYL9/WDR1/PDGFRB/L1CAM/NRP1/SDC2/C12orf57/KIF5B/UCHL1/PHLDB1/TMOD3/NECTIN2/KALRN/TUBB2B/PALLD/ABITRAM/CNP/NEXN/C9orf72/NFATC4/PDLIM5",28
"GO:0019218","regulation of steroid metabolic process","7/389","44/8774",0.00295284218909103,0.0435753432357766,0.036393009208827,"INSIG1/KIT/STARD4/ACADVL/LDLR/FGF1/ADM",7
"GO:0035150","regulation of tube size","7/389","44/8774",0.00295284218909103,0.0435753432357766,0.036393009208827,"CAV1/OXTR/ADORA2B/DOCK4/RGS2/ADM/NPPB",7
"GO:0035296","regulation of tube diameter","7/389","44/8774",0.00295284218909103,0.0435753432357766,0.036393009208827,"CAV1/OXTR/ADORA2B/DOCK4/RGS2/ADM/NPPB",7
"GO:0060840","artery development","7/389","44/8774",0.00295284218909103,0.0435753432357766,0.036393009208827,"LOX/TGFB2/DDIT3/PDGFRB/NRP1/AKT3/LDLR",7
"GO:0097746","blood vessel diameter maintenance","7/389","44/8774",0.00295284218909103,0.0435753432357766,0.036393009208827,"CAV1/OXTR/ADORA2B/DOCK4/RGS2/ADM/NPPB",7
"GO:0006631","fatty acid metabolic process","18/389","198/8774",0.0029796071416968,0.0437930162559872,0.0365748041332222,"TRIB3/INSIG1/ACAT2/CAV1/ALDH1L2/ACSS2/MSMO1/ACLY/PCK2/SESN2/ACSL3/ACADVL/HACD2/ACACA/PRXL2B/ELOVL2/FADS2/FASN",18
"GO:0045785","positive regulation of cell adhesion","19/389","214/8774",0.00301300170784322,0.0441059888557773,0.0368361908225855,"ACTB/TGFB2/COL8A1/PLAUR/CAV1/THY1/TPM1/CD44/CCDC80/FLNA/NRP1/PREX1/CDK6/CDH13/DNAJA3/SOCS5/HAS2/NFKBIZ/LIMS2",19
"GO:0010927","cellular component assembly involved in morphogenesis","8/389","56/8774",0.00304823511955128,0.0444432680430577,0.0371178777504939,"ACTG1/TPM1/MYL9/WDR1/PDGFRB/PHLDB1/TMOD3/NECTIN2",8
"GO:0045861","negative regulation of proteolysis","13/389","123/8774",0.0030679284146503,0.0445521875354596,0.0372088445173775,"SERPINE2/DHCR24/PLAUR/CD44/CHAC1/PRNP/THBS1/SERPINB8/SPOCK1/SERPINB2/IFI16/XIAP/RPS6KA1",13
"GO:0050877","nervous system process","27/389","347/8774",0.00309054929430281,0.044576056762489,0.0372287794836816,"PLK2/SERPINE2/COL1A1/HMGCR/DDIT3/TUBA1A/FOSL1/PRNP/AARS1/OXTR/WDR1/KIT/TPP1/SLC7A11/C12orf57/RCAN1/LDLR/DIAPH1/UCHL1/DOP1B/WDR19/GSDME/GSTO1/NFATC4/LRRN4/CLSTN2/COL11A1",27
"GO:0030308","negative regulation of cell growth","11/389","95/8774",0.00309403082603833,0.044576056762489,0.0372287794836816,"TGFB2/SERPINE2/CDKN1A/SESN2/NRP1/MEG3/HSPA1A/JADE1/RGS2/NPPB/GREM1",11
"GO:0003013","circulatory system process","19/389","215/8774",0.00317385997977895,0.0455461402610011,0.0380389683444705,"TGFB2/SLC38A1/CAV1/TPM1/OXTR/SLC6A9/FLNA/ADORA2B/SLC2A3/DDAH1/DOCK4/NPR3/COL1A2/SLC4A8/RGS2/ADM/NPPB/GSTO1/ABCB1",19
"GO:0043534","blood vessel endothelial cell migration","9/389","69/8774",0.00323365431086694,0.0462222351494509,0.0386036254572846,"PLK2/MYH9/THBS1/NRP1/PIK3R3/AKT3/GREM1/EPHA2/CARD10",9
"GO:0032101","regulation of response to external stimulus","34/389","471/8774",0.00326236904844384,0.0464505280530382,0.0387942898359357,"PLK2/SERPINE2/PLAUR/CAV1/FOSL1/THBS1/NT5E/MICB/FLNA/PDGFRB/CADM1/ADORA2B/NRP1/LDLR/HSPA1A/VDR/CDH13/TKFC/PDCD4/FGF1/SERPINB2/SOCS5/NAGK/NECTIN2/TRIM25/TUBB2B/IFI16/MVK/GREM1/CXCL8/NFKBIZ/THBD/XIAP/RIGI",34
"GO:0043549","regulation of kinase activity","26/389","332/8774",0.00336101881006961,0.0473939237080907,0.0395821896942599,"TRIB3/ACTB/TGFB2/CAV1/THY1/WARS1/PRNP/THBS1/CDKN1A/PDGFRB/HGS/KIT/ECT2/HMGA2/SPRY4/PIK3R3/PDCD4/UCHL1/FGF1/SOCS5/RGS2/SOCS4/HNRNPU/EPHA2/CARD10/NPRL2",26
"GO:1900024","regulation of substrate adhesion-dependent cell spreading","7/389","45/8774",0.00336651800056639,0.0473939237080907,0.0395821896942599,"FLNA/NRP1/PREX1/SPRY4/HAS2/LIMS2/GBP1",7
"GO:0051336","regulation of hydrolase activity","29/389","384/8774",0.00340145453683731,0.0473939237080907,0.0395821896942599,"PTX3/TGFB2/SERPINE2/DHCR24/PLAUR/CAV1/PPP1R15A/THY1/CD44/THBS1/PDGFRB/ANGPTL4/KIT/ECT2/SERPINB8/PREX1/CAV2/HSPA1A/RIC1/SPOCK1/SERPINB2/ARHGAP11A/RGS2/IFI16/PPP1R12A/EPHA2/C9orf72/XIAP/RPS6KA1",29
"GO:0050954","sensory perception of mechanical stimulus","8/389","57/8774",0.00341214459461188,0.0473939237080907,0.0395821896942599,"SERPINE2/COL1A1/DDIT3/WDR1/KIT/DIAPH1/GSDME/COL11A1",8
"GO:0032365","intracellular lipid transport","6/389","34/8774",0.00341964387797746,0.0473939237080907,0.0395821896942599,"STARD4/ABCA1/LDLR/VPS52/NPC1/PCSK9",6
"GO:0035384","thioester biosynthetic process","6/389","34/8774",0.00341964387797746,0.0473939237080907,0.0395821896942599,"ACSS2/ACLY/ACSL3/HACD2/ACACA/ELOVL2",6
"GO:0071616","acyl-CoA biosynthetic process","6/389","34/8774",0.00341964387797746,0.0473939237080907,0.0395821896942599,"ACSS2/ACLY/ACSL3/HACD2/ACACA/ELOVL2",6
"GO:0009070","serine family amino acid biosynthetic process","4/389","15/8774",0.00351718763189934,0.047817136085038,0.0399356458184766,"SHMT2/PSAT1/PHGDH/DHFR",4
"GO:0010574","regulation of vascular endothelial growth factor production","4/389","15/8774",0.00351718763189934,0.047817136085038,0.0399356458184766,"SARS1/ATF4/ADORA2B/CCBE1",4
"GO:0086009","membrane repolarization","4/389","15/8774",0.00351718763189934,0.047817136085038,0.0399356458184766,"CAV1/WDR1/FLNA/KCNH7",4
"GO:1904706","negative regulation of vascular associated smooth muscle cell proliferation","4/389","15/8774",0.00351718763189934,0.047817136085038,0.0399356458184766,"TPM1/CDKN1A/PDCD4/CNN1",4
"GO:0061045","negative regulation of wound healing","5/389","24/8774",0.00352889152451995,0.047817136085038,0.0399356458184766,"SERPINE2/PLAUR/THBS1/SERPINB2/THBD",5
"GO:0089718","amino acid import across plasma membrane","5/389","24/8774",0.00352889152451995,0.047817136085038,0.0399356458184766,"SLC38A1/SLC3A2/SLC6A9/SLC7A11/RGS2",5
"GO:0060485","mesenchyme development","14/389","140/8774",0.00360249897080956,0.0486337361059291,0.0406176492147418,"TGFB2/COL1A1/SLC39A10/FLNA/FAM83D/NRP1/HMGA2/ZFP36L1/PDCD4/PHLDB1/HAS2/GREM1/RFLNB/VASN",14
"GO:0050804","modulation of chemical synaptic transmission","17/389","186/8774",0.00364352627878245,0.0490061006869448,0.0409286385637555,"PLK2/SERPINE2/SLC38A1/HMGCR/SQSTM1/PRNP/OXTR/SLC6A9/ATF4/ADORA2B/KIT/SLC7A11/KIF5B/SLC4A8/TUBB2B/NFATC4/CLSTN2",17
