gene_id,baseMean,log2FoldChange,lfcSE,stat,pvalue,padj
ENSG00000101255.15,527.272084919937,3.86470461421594,0.264877167570227,14.5905539902426,3.22567569482193e-48,3.3076078574704e-44
ENSG00000163430.15,2457.89739790601,-1.97865534608411,0.178301708425097,-11.0972315608256,1.29389849719864e-28,6.6338175951374e-25
ENSG00000106484.17,381.177079793305,-2.8922985850832,0.285844275755374,-10.1184415095947,4.57644465618953e-24,1.56422878348558e-20
ENSG00000113083.17,1034.31327089937,2.16453392386573,0.21749226591895,9.95223400115002,2.46584535322195e-23,4.78161303165003e-20
ENSG00000113161.19,570.073595873949,-2.27381503872724,0.228654075748575,-9.94434510420666,2.6692390765702e-23,4.78161303165003e-20
ENSG00000163661.6,130.482991234537,4.33455230252647,0.436086727976165,9.93965655098631,2.79790113028088e-23,4.78161303165003e-20
ENSG00000293352.2,105.712234908534,6.24675840356477,0.630380683735008,9.90950161504426,3.78529650082087e-23,5.5449186170596e-20
ENSG00000112972.16,159.217033693486,-3.67900524561549,0.378069984113513,-9.73101647897784,2.22359728709617e-22,2.85009582273552e-19
ENSG00000044574.11,5174.89521171012,1.72259474099566,0.178759397920172,9.63638701538323,5.61287905185495e-22,6.39494019974674e-19
ENSG00000122786.22,999.449900072506,-1.9505784196194,0.203330801426066,-9.59312807473811,8.54541418152842e-22,8.76246770173924e-19
ENSG00000070669.19,263.045561303252,2.8139090347775,0.294945733383501,9.5404297003976,1.42241708502076e-21,1.32595134452754e-18
ENSG00000196611.7,106.002729878729,6.43891728923842,0.679265394357173,9.47923645563001,2.56150473952168e-21,2.18880579992128e-18
ENSG00000186480.15,940.353991554595,-1.88575620311366,0.205746121695503,-9.16545200256318,4.93397612511116e-20,3.89176855283768e-17
ENSG00000145632.17,1682.54132809796,-1.75751889192409,0.194308392127959,-9.04499735022616,1.496688005154e-19,1.09621705748922e-16
ENSG00000214517.12,1644.71906756097,-1.70013956727139,0.190079569795867,-8.94435719260741,3.74120766508196e-19,2.55748955985003e-16
ENSG00000182199.13,751.497699372267,1.86375711795263,0.208565697244596,8.9360673522785,4.03266230182024e-19,2.58443245267904e-16
ENSG00000113739.12,678.569605475428,1.90477343949323,0.214217135152513,8.89178840962987,6.01331187699638e-19,3.62708823451299e-16
ENSG00000035403.20,565.100273571423,-2.01030382457052,0.226458841826129,-8.87712667061148,6.86096523602812e-19,3.90846319612402e-16
ENSG00000184009.15,5439.14495921355,-1.66649952538947,0.189499787853298,-8.79420259129575,1.44067431084111e-18,7.7750917807183e-16
ENSG00000092969.13,343.051822455828,-2.21522542847923,0.26681549703911,-8.30246163758065,1.01976083591702e-16,5.22831380574656e-14
ENSG00000135919.16,450.796716466451,2.18780024896411,0.264022681474191,8.28641023092546,1.1671771427703e-16,5.69915924855556e-14
ENSG00000125148.9,238.367473938004,2.73455527593174,0.331845194298439,8.24045465450516,1.71557477272444e-16,7.99613805432565e-14
ENSG00000087086.18,3183.92619817218,1.54926384360487,0.188465227819817,8.2204227354133,2.02787099028699e-16,9.04077788452297e-14
ENSG00000126878.15,218.076767262022,-2.71633717708505,0.331163590038494,-8.20240285705717,2.35629127894459e-16,1.00672544892907e-13
ENSG00000075624.19,5480.18055763891,-1.33738241089663,0.165544453362446,-8.07869054947158,6.54659176993749e-16,2.68515008035756e-13
ENSG00000111371.18,569.11770296462,1.76308333203705,0.221567506227014,7.95731902235981,1.75806997780818e-15,6.9335575201712e-13
ENSG00000144810.18,331.719257261766,-2.17374487220826,0.276736426067447,-7.85492861600541,3.99999899029686e-15,1.5191107276483e-12
ENSG00000051108.17,529.078260606008,1.85753657081631,0.238081664311887,7.80209839420031,6.08861433825587e-15,2.22973755087413e-12
ENSG00000165072.12,214.119999401537,-2.48883507764085,0.323618365715316,-7.69064843442863,1.46391181356276e-14,5.17619025388708e-12
ENSG00000168003.21,677.875204961112,1.70989779024453,0.222477777813529,7.68570149814102,1.5216091203803e-14,5.20085997345988e-12
ENSG00000116133.15,2513.90413881809,-1.40663021472206,0.183396879645183,-7.66986994240831,1.72170835201308e-14,5.69496691662649e-12
ENSG00000140105.20,4913.8876390271,1.94041993343367,0.261156437454926,7.43010569581907,1.08510936087369e-13,3.47709730824964e-11
ENSG00000120802.17,560.894043579131,-1.60198031566874,0.221752961995324,-7.22416648352377,5.04184606184954e-13,1.56663907630925e-10
ENSG00000177469.15,287.369941754253,-2.38395454888591,0.330938242737414,-7.20362364037051,5.86330650565375e-13,1.76830426202863e-10
ENSG00000087074.11,534.335859851544,1.70241695719014,0.238241229767465,7.14576968416332,8.94930033520975e-13,2.62188930392117e-10
ENSG00000175197.14,154.672290606164,2.56960732282484,0.364188072627772,7.05571520858448,1.71715194513073e-12,4.89102112371402e-10
ENSG00000160145.17,49.561044838097,-4.58155111728974,0.663285499073537,-6.90735908396784,4.93759012640236e-12,1.36837970692243e-09
ENSG00000120437.11,738.42273893796,-1.48804108363662,0.215686535157371,-6.89909123233353,5.23362537988262e-12,1.37604088834145e-09
ENSG00000134333.17,2970.38719188628,-1.27345518272082,0.184528319921511,-6.90113681879556,5.15880160847734e-12,1.37604088834145e-09
ENSG00000137801.13,8724.50304696948,-1.85188257834892,0.270305916029503,-6.85106195806231,7.33037563775947e-12,1.87249992002164e-09
ENSG00000140941.16,525.044068883856,1.63287882970988,0.238444840733652,6.84803590082219,7.48707789359151e-12,1.87249992002164e-09
ENSG00000145604.19,1565.27463812057,-1.84914059650437,0.270817818391108,-6.82798719629997,8.61142698235942e-12,2.01099979510965e-09
ENSG00000196950.16,186.128397639355,-2.24840327935417,0.329306534682138,-6.82769104938785,8.62921698701235e-12,2.01099979510965e-09
ENSG00000198561.18,378.292489994075,-2.13238768643818,0.312267176375882,-6.82872824222608,8.56706851733837e-12,2.01099979510965e-09
ENSG00000011422.14,159.674768212571,2.32328791711078,0.342857529507681,6.77624878312241,1.23336227307342e-11,2.81042149957664e-09
ENSG00000135069.16,816.832675769874,1.38212584873739,0.205812662878383,6.71545583934308,1.87479200998762e-11,4.17915592835067e-09
ENSG00000109084.15,376.832253152125,-1.91091843475946,0.285848750109859,-6.68506835879131,2.30816875215962e-11,4.93082549680099e-09
ENSG00000161011.22,662.299716774044,1.45071198808594,0.216967215510601,6.68631887389948,2.28854082308514e-11,4.93082549680099e-09
ENSG00000130066.18,241.620396096634,1.97017650038999,0.297468070242618,6.62315286068551,3.51617071469242e-11,7.35812540988898e-09
ENSG00000137309.23,991.47328059704,1.35895074441382,0.205471891053813,6.61380365676348,3.74568482815723e-11,7.68165044558485e-09
ENSG00000101294.22,1050.05551998366,1.28993188614404,0.195452581401073,6.59971782873038,4.11941073526046e-11,8.28243876065898e-09
ENSG00000114019.17,329.855291036166,-1.79846775956758,0.274197197165595,-6.55903042831411,5.41587517582315e-11,1.06796892409405e-08
ENSG00000067064.14,343.20980637255,-1.73619421154047,0.266011032943329,-6.52677519548727,6.72007901542005e-11,1.30014509856825e-08
ENSG00000067445.24,279.739147399899,1.81752475189353,0.281801069979807,6.44967299813222,1.12091742253562e-10,2.12849763901486e-08
ENSG00000167552.18,569.313670685035,-1.43260658798705,0.222993016000863,-6.42444599243192,1.32350639079353e-10,2.46749718749034e-08
ENSG00000154096.16,686.4004294511,-1.37652102603344,0.214441865793201,-6.41908715418895,1.37093909578906e-10,2.5102874086109e-08
ENSG00000140416.28,727.348671800694,-1.33457272065189,0.211104792997817,-6.32184945542989,2.58451112950314e-10,4.6493994950746e-08
ENSG00000064666.17,272.968082710258,-1.76163371085024,0.282810456263137,-6.22902609092767,4.69343630470674e-10,8.14912404326599e-08
ENSG00000131459.15,108.860634602624,2.89911532025536,0.465566260363456,6.22707349538623,4.75228225408589e-10,8.14912404326599e-08
ENSG00000145012.17,618.979964730698,-1.55489494467185,0.249720374631727,-6.22654417752223,4.76835812947103e-10,8.14912404326599e-08
ENSG00000274779.4,78.0020960876587,-9.41780440496814,1.51645769259561,-6.21039706610499,5.2850886515503e-10,8.88414738245849e-08
ENSG00000242265.6,404.901168385476,-1.69460716429925,0.274250993685034,-6.17903746319854,6.44935919885624e-10,1.06664079395277e-07
ENSG00000026508.23,665.673181848623,1.40407448464972,0.227465633265125,6.1726884386671,6.71384340783189e-10,1.09275794133188e-07
ENSG00000187840.7,238.617137210999,1.8890522173789,0.308199996205228,6.12930642647054,8.8262988693073e-10,1.41413857196683e-07
ENSG00000151892.18,317.953994779442,-1.98524420095966,0.326185343714966,-6.08624586975448,1.15588892647806e-09,1.82345923878554e-07
ENSG00000128965.14,114.097231869825,2.75376908428695,0.459133801606142,5.99774853137302,2.00072021684976e-09,3.10839168236022e-07
ENSG00000212724.3,107.26530894343,2.57080565481067,0.433841865243823,5.92567444676152,3.11018212995257e-09,4.7599712776916e-07
ENSG00000108821.16,1515.28898439318,-1.35040637180428,0.228551663365957,-5.90853880438409,3.45155515788316e-09,5.20474214543146e-07
ENSG00000151012.14,46.1396620871797,3.78008976819055,0.642498330654049,5.88342348585171,4.0186592047378e-09,5.97207702686687e-07
ENSG00000055483.22,455.727859148996,1.41670018540387,0.241458772840501,5.86725497167874,4.43069071238831e-09,6.49032893783282e-07
ENSG00000105974.15,1411.37566260519,-1.09341726945001,0.188341297552569,-5.80550991024586,6.41704088421276e-09,9.26765313052361e-07
ENSG00000052802.15,553.083445497651,-1.33809651724826,0.2316684547669,-5.7759116086591,7.65375482262335e-09,1.07824345437579e-06
ENSG00000162298.21,540.372395571708,1.70632690827441,0.295446448991259,5.77541857111604,7.67620169391778e-09,1.07824345437579e-06
ENSG00000126787.15,320.414439518437,-1.54521526737453,0.267658879848803,-5.77307679180082,7.78369459000242e-09,1.07856762602547e-06
ENSG00000288534.1,54.2530580822841,-8.88130181930489,1.53925914284597,-5.76985484256018,7.93398449829403e-09,1.08473436060676e-06
ENSG00000011426.13,592.21479758081,-1.32282627642521,0.230639469632082,-5.73547224391122,9.72410167307147e-09,1.30457468302242e-06
ENSG00000100345.25,1115.38195219175,-1.11991705677038,0.195304275715994,-5.73421678898074,9.79639658598854e-09,1.30457468302242e-06
ENSG00000196517.15,61.3619409191023,3.09466539104173,0.541613506507285,5.71378917597231,1.10487868152818e-08,1.45249051287051e-06
ENSG00000136010.16,79.8731313191178,2.89252765239771,0.508005013471512,5.69389587837191,1.24172826354079e-08,1.61173184991738e-06
ENSG00000070540.15,237.317931124865,1.64139005098579,0.289460716605058,5.67051056266578,1.42372591244461e-08,1.82486068827588e-06
ENSG00000065911.14,699.29220004384,1.18520895037012,0.209427867671294,5.65927048558005,1.52017800449321e-08,1.92443274791029e-06
ENSG00000231372.8,48.7175343494039,-8.72791845787437,1.54542738078631,-5.6475759174356,1.62725983786296e-08,2.03486858261547e-06
ENSG00000223654.3,50.8447655120961,-8.78334042848624,1.55690311814041,-5.64154591647114,1.68530081970745e-08,2.08205718135906e-06
ENSG00000172380.8,907.839476193926,-1.28712183731821,0.228969922902593,-5.62135769188241,1.89462531894597e-08,2.31279619291333e-06
ENSG00000167767.15,76.2319659373344,-2.8831634828621,0.516800473581133,-5.57887159600187,2.42083854438868e-08,2.92038569813665e-06
ENSG00000104635.17,733.363726164461,1.2120407449232,0.219063427721496,5.53283018315642,3.15104513413046e-08,3.75707172155508e-06
ENSG00000071282.14,222.661263212077,-1.90627550531076,0.347923609794879,-5.4790058841785,4.27722140291043e-08,4.98393503016404e-06
ENSG00000137807.18,500.694026135957,-1.28000712070808,0.233584965484668,-5.47983521992596,4.25722134383973e-08,4.98393503016404e-06
ENSG00000170448.14,546.391988267487,1.57363226164957,0.288407434331618,5.45628189265109,4.86207842859957e-08,5.60176991088315e-06
ENSG00000106105.17,455.74894028952,1.27939431047504,0.235633866803208,5.42958585636393,5.64849745964887e-08,6.43552143902661e-06
ENSG00000131473.19,967.202803325543,-1.13483856466866,0.20934181152159,-5.42098377968616,5.92719386177495e-08,6.67884020424619e-06
ENSG00000175592.11,323.604841121215,1.40510858952351,0.259540872082538,5.41382395092153,6.16928244039243e-08,6.87606762432434e-06
ENSG00000147403.20,834.695504993081,1.19347789868214,0.221090591030072,5.3981397088029,6.73354259792608e-08,7.42427374184237e-06
ENSG00000160285.17,675.357953275819,-1.26725289440578,0.234947692216352,-5.39376608661824,6.89960265364786e-08,7.52643889473459e-06
ENSG00000100889.14,116.777479321054,2.10730671785919,0.390993059558349,5.38962691624123,7.06041035082409e-08,7.62078397235266e-06
ENSG00000138071.17,585.787625394242,-1.19232363115498,0.221499358717806,-5.38296651537496,7.32681720976999e-08,7.82595663218557e-06
ENSG00000112984.14,386.659745575377,-1.35603165439599,0.25242364608005,-5.37204685636287,7.78478724411628e-08,8.2294029279555e-06
ENSG00000124783.16,890.522005934501,1.07843905482008,0.202975155282849,5.31315792475814,1.07741587444936e-07,1.12732881393915e-05
ENSG00000196924.21,919.574114777096,-1.40631226933034,0.26502202001584,-5.30639782025013,1.11812791559697e-07,1.15810945924559e-05
ENSG00000135318.14,117.597142036003,2.13531050089291,0.40281598353246,5.30095772806105,1.15196761975234e-07,1.18122759729405e-05
ENSG00000147573.19,60.8067215296376,2.84047674943186,0.537756795341873,5.28208434377116,1.27722369530611e-07,1.29669819521474e-05
ENSG00000171867.20,520.613239026296,1.23941084640258,0.235536360304626,5.26207862259402,1.42435829240625e-07,1.43189901277782e-05
ENSG00000160752.17,665.156084416538,-1.11832864328145,0.212708303422283,-5.25756928755747,1.45971904680327e-07,1.45319991319619e-05
ENSG00000143702.19,218.679694331685,1.7274266529838,0.328818113878605,5.25344127976339,1.49283285038694e-07,1.47187577383343e-05
ENSG00000101335.12,185.050465010156,-1.68003033405101,0.320554630969507,-5.24101095956659,1.59699229055769e-07,1.54515173882377e-05
ENSG00000198431.19,835.838619559189,1.41819227468693,0.270596948209801,5.24097660402054,1.59728968515038e-07,1.54515173882377e-05
ENSG00000124762.17,629.230102692724,1.24102267856431,0.23811091645655,5.21195204752725,1.86863856637677e-07,1.79074951959135e-05
ENSG00000031698.15,872.48179940741,1.17832789916745,0.227044518999138,5.1898539738452,2.10459062200348e-07,1.99819187389108e-05
ENSG00000173812.13,778.924190617622,1.14557757828721,0.221332137510441,5.17583027558826,2.26899655887009e-07,2.1345220839132e-05
ENSG00000163814.10,79.1962760605124,2.37605796572653,0.464679041182278,5.1133314721515,3.16526152121396e-07,2.95059923986618e-05
ENSG00000124795.19,1484.46852511988,-1.09146987718373,0.213542686051005,-5.11124917162008,3.20035537393732e-07,2.95643639678859e-05
ENSG00000204262.16,116.717211367429,-2.03727652807119,0.398901001468438,-5.1072233977141,3.26927153520298e-07,2.99313485017602e-05
ENSG00000276886.4,116.900558253932,1.97064548310182,0.38624289707128,5.10208860290871,3.35925404067909e-07,3.04830008257729e-05
ENSG00000198910.16,134.907943581462,-1.9221040992002,0.376869877354643,-5.10017970311661,3.39331154245526e-07,3.05219443476634e-05
ENSG00000128590.7,110.806002832484,2.31009642527664,0.454819113873396,5.07915422815692,3.7911885241086e-07,3.35127992467324e-05
ENSG00000124767.9,840.433923292445,-1.08950281098187,0.215151324870694,-5.06389078308797,4.10785045640504e-07,3.56965242203197e-05
ENSG00000177951.20,943.582321797313,1.25473687437827,0.24951145798436,5.02877456816801,4.93624307520879e-07,4.25346525152865e-05
ENSG00000152377.16,947.038940337169,1.30745562123947,0.260395168326222,5.02104409096214,5.13913600272922e-07,4.39139171433212e-05
ENSG00000091986.18,360.040611693707,-1.47041342364017,0.293184541888711,-5.01531702240401,5.29460916097084e-07,4.48685308566901e-05
ENSG00000108509.23,108.924640299593,2.31801039777841,0.46253269206227,5.01156012874077,5.399050731223e-07,4.53785788507874e-05
ENSG00000172432.21,109.913197782471,2.14610666687146,0.428850168153758,5.00432744636817,5.60573994166497e-07,4.67327295624656e-05
ENSG00000050405.16,262.004472581366,-1.44316252023578,0.288776275104149,-4.99751068440542,5.80751219611405e-07,4.80243790798012e-05
ENSG00000145934.18,153.151456266264,-1.82036983704781,0.365080805268567,-4.98621075328427,6.1574976040685e-07,5.0290366677764e-05
ENSG00000149591.19,447.771503658133,-1.20409821940226,0.241519212167589,-4.98551733667774,6.17962375794642e-07,5.0290366677764e-05
ENSG00000198901.16,625.156291189198,-1.12828350116479,0.226597601974735,-4.97923848854583,6.38349429009309e-07,5.15404334256807e-05
ENSG00000139278.11,277.500443285334,-1.44956466831675,0.291802817218303,-4.96761711259388,6.77806247806822e-07,5.42986348828996e-05
ENSG00000154144.15,925.077120522049,1.58802422900054,0.320381456378935,4.95666711472303,7.17126877267606e-07,5.61329694618475e-05
ENSG00000157404.19,109.017406388587,-2.06433606451892,0.416429978910599,-4.95722250813766,7.15080665807084e-07,5.61329694618475e-05
ENSG00000167460.20,749.343275064788,-1.03936897939271,0.209684143988525,-4.95683154492402,7.16520487207484e-07,5.61329694618475e-05
ENSG00000075643.8,109.440263838258,2.03526926749814,0.412391614812001,4.9352828583238,8.00346809445976e-07,6.17388071320158e-05
ENSG00000289027.1,28.2390523772746,-7.94031667526061,1.60892277738615,-4.93517575042379,8.00786166233479e-07,6.17388071320158e-05
ENSG00000139289.16,145.872978025353,1.78294196525443,0.361663688538218,4.9298340468206,8.22994981259875e-07,6.2636552930274e-05
ENSG00000167772.14,21.4831258739321,8.18342200719552,1.66011117064657,4.92944216742322,8.24647420088452e-07,6.2636552930274e-05
ENSG00000167797.10,415.047971982157,1.68474399755842,0.342328352639651,4.92142700003539,8.59154489621228e-07,6.47777215924711e-05
ENSG00000124126.16,66.0005729633396,2.59510454661046,0.532794968642349,4.87073771215074,1.1118234985117e-06,8.32163368886059e-05
ENSG00000059804.20,352.497595229657,1.77667146602427,0.365304727451005,4.86353264142349,1.15308999357894e-06,8.56795999576696e-05
ENSG00000101447.16,431.854551845444,-1.19539815300614,0.2463122079246,-4.85318272723239,1.21495648045111e-06,8.96270773420555e-05
ENSG00000167508.14,131.53121513901,-1.93303166226202,0.398846350180058,-4.84655723034536,1.25622361306573e-06,9.20094066312568e-05
ENSG00000108639.10,914.230054943048,1.06064440860316,0.219687928692726,4.82795943734652,1.37939180165386e-06,9.96076305222446e-05
ENSG00000147224.14,317.275046841007,-1.4651115800497,0.30343638474332,-4.82839782476665,1.37635922481928e-06,9.96076305222446e-05
ENSG00000234127.11,50.8645334608449,-3.13037073920891,0.649767014917947,-4.81768182646855,1.4523572177395e-06,0.000103419936879867
ENSG00000180914.12,160.891525124463,-1.64718228196079,0.342255607272693,-4.81272548048684,1.48885741167173e-06,0.000105287888960565
ENSG00000164244.23,658.488760507383,1.02634384743061,0.213454069609861,4.80826554071562,1.52245449603931e-06,0.00010692635892046
ENSG00000178104.23,260.523719841236,1.4272804012891,0.297244892529157,4.80169865710679,1.5732532482271e-06,0.000109742440866127
ENSG00000129353.17,292.455559348433,-1.28271832414214,0.270360300774078,-4.7444773528863,2.0904536393954e-06,0.000144834537961895
ENSG00000282046.3,154.281352925205,1.93860934254117,0.412060166505691,4.70467543364056,2.54270140298782e-06,0.000174985638833806
ENSG00000152558.17,666.890942348716,-1.07838246869013,0.229624400594261,-4.69628866052259,2.64931074303918e-06,0.000181106882394158
ENSG00000146648.23,104.893483067532,1.96838803817971,0.421977021711474,4.6646806269124,3.09096722337253e-06,0.000209899191446768
ENSG00000072110.19,1718.15586556532,-1.08902041558834,0.233678311907891,-4.6603401346788,3.156872711608e-06,0.000212964294637029
ENSG00000114346.16,400.719551261063,-1.14906230658041,0.247398348018131,-4.64458358669477,3.40763065424154e-06,0.000228378070121521
ENSG00000149428.23,410.177744179471,1.46504200616224,0.315584635658759,4.6423109385667,3.44533849753305e-06,0.000229405850348726
ENSG00000117461.17,44.2140202416364,-3.62090092561915,0.781044022144454,-4.63597546739749,3.55258102523608e-06,0.000235020424727553
ENSG00000234741.11,169.392042799639,1.5981783467898,0.345013203260747,4.63222372849877,3.6175890753665e-06,0.000237786912684667
ENSG00000138758.14,457.544796497666,-1.15910160298161,0.250730934372726,-4.62289029425678,3.78429884399605e-06,0.000247160511760099
ENSG00000185650.12,1298.61216684802,1.3581608637629,0.293964433612463,4.62015369367227,3.83455883108301e-06,0.000247292869521542
ENSG00000090861.19,655.216651257359,1.00510559801112,0.218393595626091,4.60226681615679,4.17917341674678e-06,0.00026783277634576
ENSG00000187957.10,36.56171371825,3.21621757964955,0.702887057587022,4.57572457044617,4.74574578787796e-06,0.000300388131536424
ENSG00000169607.14,129.040242040331,-1.97535061685683,0.431926859157949,-4.57334517401354,4.79998402344769e-06,0.000301957277156028
ENSG00000128272.21,190.760106612186,1.52755623406323,0.334548670441619,4.56602093813969,4.97069140302817e-06,0.000310789449064944
ENSG00000001630.20,316.037407162095,-1.31886980616594,0.289537249062757,-4.55509545122493,5.23617961988384e-06,0.000325404762559327
ENSG00000213626.14,48.7882213268763,-2.85761306432676,0.628139320768713,-4.54933001301308,5.38169871345161e-06,0.000332433365106824
ENSG00000129116.22,111.096348900952,-1.76606281750912,0.391379902864188,-4.5124003674812,6.40980470517314e-06,0.000391227008612175
ENSG00000181019.14,237.832488994201,1.45901049891222,0.323442868315083,4.51087546469234,6.45606173277993e-06,0.000391718680520269
ENSG00000120742.13,324.664295761557,1.26168657709706,0.279939461765857,4.50699793854837,6.57512721161864e-06,0.00039659620251728
ENSG00000283448.2,16.1606841182129,7.77292690620106,1.7317374213538,4.48851356467454,7.1721858119904e-06,0.000427579030907847
ENSG00000166401.17,58.5093058206026,2.38594285093956,0.532620689385251,4.47962855835249,7.47730442114483e-06,0.000443192367250977
ENSG00000060982.17,521.779000510918,1.00806614883431,0.226189235028861,4.45673795530402,8.32162214723399e-06,0.000484829053964417
ENSG00000285443.2,448.451357146208,1.03371845619778,0.232783232790346,4.44069121219219,8.96703874037232e-06,0.000519480312111739
ENSG00000121900.21,230.536123653696,1.60381110214656,0.362803112721427,4.42061009376737,9.84226251982048e-06,0.000566980673473254
ENSG00000109586.14,137.490865792977,-1.6293386798492,0.368865876048006,-4.41715752431693,1.00007348603153e-05,0.000572891258422754
ENSG00000144867.15,300.690266026665,1.2056591460856,0.273874442957072,4.40223312941462,1.07142338796251e-05,0.000610354190009312
ENSG00000150687.14,116.072065688656,-1.77353171203545,0.404686688044935,-4.38248097708251,1.17335414006506e-05,0.000664727809515313
ENSG00000137502.12,82.5235026063521,-2.19183077865512,0.502115314583306,-4.36519404008634,1.27009962904409e-05,0.000715582505286707
ENSG00000213625.10,367.726357617579,-1.18388450699095,0.271451011690474,-4.36131919206436,1.29280604872757e-05,0.000724395258123086
ENSG00000180801.15,142.727449087415,-1.54213481470983,0.354968064229653,-4.34443255636686,1.39636133938386e-05,0.00077816788989359
ENSG00000076382.19,523.394648354855,-1.0063537070311,0.232351710075606,-4.3311654848748,1.48322152285111e-05,0.000820708937091439
ENSG00000145107.17,52.0331037639921,2.510055895556,0.579642338391862,4.33035292508101,1.48870550320858e-05,0.000820708937091439
ENSG00000204389.11,15.2102223516543,7.68559527140261,1.77812521811366,4.32230261013673,1.5440920757394e-05,0.000846690916825232
ENSG00000231924.11,370.378690814063,1.10658030166699,0.257207017495335,4.3022943636717,1.69038529927605e-05,0.00091803663140685
ENSG00000281089.3,17.7985101848526,-7.28653391668819,1.69372800241047,-4.30206851768299,1.69210964829232e-05,0.00091803663140685
ENSG00000223749.12,104.291687128337,-1.78525482201863,0.415104173674938,-4.30073927277985,1.7022925367045e-05,0.000918700403756209
ENSG00000113578.20,94.3615062298366,-1.93718660422094,0.450901584126644,-4.29625149348965,1.73710500087206e-05,0.000922915786473684
ENSG00000134824.16,8755.14057445452,-1.10166208144694,0.256422611192588,-4.29627510742229,1.73692006079896e-05,0.000922915786473684
ENSG00000135842.19,104.672982697893,1.72157910010905,0.400886725653011,4.29442780202996,1.75144464340867e-05,0.000925737802758378
ENSG00000275199.4,17.6274331730711,-7.26602750524991,1.69276050896227,-4.29241317172756,1.76741673666307e-05,0.000929389293217596
ENSG00000130766.7,76.984355463831,1.96002157565135,0.458699669680296,4.2729953937343,1.92864442618114e-05,0.00100899591561538
ENSG00000149476.18,184.757581747833,1.44332603369165,0.338420704167725,4.26488691713236,2.00003472650573e-05,0.00103252859385342
ENSG00000149948.16,91.965645667906,1.77610651094612,0.416324247712193,4.26616158128256,1.98864775958978e-05,0.00103252859385342
ENSG00000224455.9,179.910573256143,1.55743269520806,0.365211905198038,4.26446310495694,2.00383450533286e-05,0.00103252859385342
ENSG00000077684.18,110.713591026939,-1.88574886899867,0.442777795273587,-4.2589056839074,2.05430119051405e-05,0.00105324022037656
ENSG00000170425.5,129.583365105272,1.56846226999489,0.369887674694862,4.24037451717954,2.23147154097505e-05,0.00113274797926525
ENSG00000153904.22,101.060164232197,-1.8653893344183,0.440083901974945,-4.23871295006946,2.24804879853437e-05,0.00113554149656017
ENSG00000153879.11,101.688178006238,1.69614597337757,0.400892131988501,4.23092856665548,2.32728577303813e-05,0.00116980334885946
ENSG00000176142.15,165.491873438193,1.52622582908745,0.362248447169477,4.21320185362563,2.5177586480452e-05,0.00125937059400271
ENSG00000176014.15,331.098278980815,-1.09319579379896,0.259818010190315,-4.20754432303673,2.58160779066418e-05,0.00128503914007138
ENSG00000168763.18,95.0880840980062,1.91292393704955,0.455009286736404,4.20414262480261,2.62073653252576e-05,0.00129821412582218
ENSG00000231401.3,45.8530368812949,-2.90640745889077,0.691715603248397,-4.20173760031126,2.64874047830027e-05,0.00130577811848514
ENSG00000166750.12,48.5613640561614,2.44263671022087,0.583346112637536,4.18728548507292,2.82310634328131e-05,0.00138507810736873
ENSG00000293241.2,16.9743067641838,-7.23023073934107,1.73816370002967,-4.15969493507294,3.18672942627552e-05,0.00153411847591686
ENSG00000050438.19,34.7023002623524,-2.9958012932788,0.720492928725399,-4.15798847405564,3.21062218840274e-05,0.00153839812709727
ENSG00000062650.22,107.199328395532,-1.66367027808608,0.401086503861563,-4.14790889762849,3.35525854913933e-05,0.00160022424013371
ENSG00000145555.16,86.6991990309443,-1.81584889132922,0.43818964786747,-4.1439794394194,3.41330360646486e-05,0.00162037107318013
ENSG00000119328.14,775.536028360142,1.26586873539137,0.305610394362896,4.1420997411764,3.44140612566642e-05,0.00162618333698541
ENSG00000092621.15,273.250441238277,1.12621139640743,0.272103281344736,4.13891148552744,3.48957540846136e-05,0.00164138102010839
ENSG00000099250.20,145.598614765156,1.47783140392538,0.357867215773246,4.12955235570327,3.63470228554242e-05,0.00169916004157819
ENSG00000155096.16,292.100718647672,-1.13880351481533,0.275815028290056,-4.128866805683,3.64555499460895e-05,0.00169916004157819
ENSG00000163347.7,967.93161154092,1.2409785559737,0.301388080387643,4.11754358160933,3.82932130561838e-05,0.00177673577682402
ENSG00000065802.14,142.728456414808,1.59058661437423,0.387634031765701,4.10332035897104,4.07262699388133e-05,0.00188111338717384
ENSG00000130707.20,80.2128131538724,1.97124109662581,0.480646158398801,4.10123135737253,4.10957418514402e-05,0.00188966698181465
ENSG00000204856.14,218.96628829548,1.49660781455366,0.365983856790101,4.08927275557947,4.32727772238669e-05,0.00198088865023898
ENSG00000137267.9,169.534618027001,-1.4019476372266,0.343419341141085,-4.08231997815943,4.45883481941752e-05,0.00203203965503588
ENSG00000137124.10,123.417206479429,-1.60796214866733,0.394545333967353,-4.07548134582775,4.59192634294901e-05,0.00208343419117695
ENSG00000231721.9,298.33960890267,1.33925155745391,0.329458020491343,4.06501427847041,4.8029521498271e-05,0.00216958023543291
ENSG00000138594.16,255.953035598264,-1.31619849673195,0.324193558027626,-4.0599156403342,4.90904488842958e-05,0.00219813739239987
ENSG00000113272.16,215.687253159998,1.25050343442462,0.309115377013706,4.04542616580724,5.22280251560654e-05,0.00231838168809651
ENSG00000115963.16,443.26278483274,1.21497921175355,0.300758375191098,4.03971863121542,5.3515362630954e-05,0.00236528676042156
ENSG00000232480.4,79.413865085126,-1.95771632948496,0.487322430506799,-4.01729164702925,5.88708467606118e-05,0.00259082258662366
ENSG00000182985.21,76.5044770837678,-1.86745171506273,0.466975644412076,-3.99903450513754,6.3601408075443e-05,0.00277713059533464
ENSG00000243089.3,27.923907101251,-3.76844841411251,0.942378620840963,-3.99886874635336,6.36459615665731e-05,0.00277713059533464
ENSG00000180008.11,76.1858580978933,-2.46521283186506,0.616908619177116,-3.99607454853422,6.44014612420232e-05,0.00279818891345638
ENSG00000153006.18,48.582297491928,-2.73415653174127,0.686707165266694,-3.98154653108856,6.84683135491841e-05,0.00296233792039381
ENSG00000206527.12,140.451344394584,-1.4938110710082,0.375348189931939,-3.97980091839279,6.89730038865581e-05,0.00297163521786877
ENSG00000203761.5,11.1974587141279,7.24351106689703,1.82746480915035,3.96369387286029,7.37988772780341e-05,0.00315305703170401
ENSG00000275125.4,14.3503904354045,-6.95782630033018,1.75627245308695,-3.96170098101841,7.44177025514233e-05,0.00315321951224089
ENSG00000228716.9,163.528700742753,-1.39405157566847,0.352749919217824,-3.95195434419827,7.75155318716653e-05,0.00327096404860929
ENSG00000111424.14,75.5640795716232,1.82504004237823,0.462802076747202,3.94345689890913,8.03154313931089e-05,0.00336144666736709
ENSG00000128510.13,304.947252390431,-1.12941137227473,0.288686395137814,-3.91224315138082,9.14427726684614e-05,0.00378086367315485
ENSG00000164951.17,300.748268598373,1.20449288505587,0.30783557475334,3.91278001582826,9.1239644675152e-05,0.00378086367315485
ENSG00000198853.14,291.501670058639,1.07218353892297,0.2749461759444,3.89961247957048,9.63467705439551e-05,0.00396762965926793
ENSG00000139842.17,172.788172371434,-1.36599115908679,0.350847941369502,-3.89339938480121,9.88492114622733e-05,0.00402222148545298
ENSG00000147872.12,223.033493645488,1.17943532176158,0.303038564479812,3.89203045423003,9.94087628773162e-05,0.0040290017966166
ENSG00000198889.6,218.231971083468,-1.19536945659695,0.307267744652362,-3.89031871194087,0.000100112646369284,0.00404155541681352
ENSG00000153714.7,30.0428616455919,2.88443601482858,0.741899772957454,3.88790523998987,0.000101113084193185,0.00406593555026241
ENSG00000185420.20,109.963733733497,1.53291615710875,0.395201199620973,3.87882465584348,0.000104962375929306,0.00420423516710588
ENSG00000280680.3,13.1787567630686,-6.84396393909304,1.7687704404546,-3.86933418976294,0.000109132970192244,0.00435427811809832
ENSG00000113721.16,73.1748867504138,-2.06865153621319,0.535724638806679,-3.86140824290086,0.000112735350730684,0.00444610879381705
ENSG00000276935.4,13.1186311978726,-6.84294363191908,1.7713642528491,-3.86309231481484,0.000111960673194204,0.00444610879381705
ENSG00000111678.13,66.270034335038,1.87949233178375,0.487213447862686,3.85763640151709,0.000114488790074812,0.0044807940970501
ENSG00000077380.18,102.793174798516,1.5495980000934,0.402141280354918,3.85336715177752,0.000116504488176285,0.00454234609034077
ENSG00000241878.14,344.211541573216,1.06602404145873,0.277136717128257,3.84656371954274,0.000119785988984488,0.00465259670851113
ENSG00000054282.18,81.4574170817613,1.96878221691059,0.51322170048446,3.83612426179981,0.0001249911841821,0.00481852184341663
ENSG00000130164.18,326.691589278385,-1.0085644100123,0.262913224075718,-3.83611137689232,0.000124997738477552,0.00481852184341663
ENSG00000105856.16,78.863849108156,-1.980229624423,0.516596596714901,-3.83322235766846,0.000126475532981791,0.00485722889586247
ENSG00000280495.5,12.2880753171263,-6.74473771810616,1.78989477541447,-3.76823141267862,0.000164408255387091,0.00619794945124717
ENSG00000197102.16,435.290761360183,1.14953216837726,0.305553733886565,3.76212770747557,0.000168473979324508,0.00632795671792492
ENSG00000165029.18,41.640587060824,2.40297988651384,0.63912222426024,3.75981274832869,0.000170040583567201,0.00636348957627036
ENSG00000117724.16,76.5958787824592,-1.95171341994088,0.520246275790668,-3.75151829193717,0.00017576692669859,0.00653012342886717
ENSG00000154978.15,139.665014965199,-1.3355754281401,0.358310498239335,-3.72742477460987,0.000193446272908941,0.0071352449007492
ENSG00000159200.19,146.062926300975,1.35817646853442,0.366321055900566,3.70761234348234,0.000209222608140326,0.00760769015557057
ENSG00000197619.17,18.1013815085542,-3.63652699550256,0.982197131419606,-3.70244106724945,0.00021353497183797,0.00773705866157791
ENSG00000136108.17,278.778315357114,-1.02666799384997,0.277628064693629,-3.69799787706236,0.000217306706145404,0.00781846654321041
ENSG00000116584.24,87.8333004956682,1.78578493203659,0.483164832159639,3.69601596220182,0.00021900920893297,0.00785216933006529
ENSG00000100439.13,276.473161920366,1.01863925278771,0.275981797484076,3.69096535378021,0.000223404569016511,0.00795413350935868
ENSG00000291006.1,100.224810431234,-1.50329440516368,0.407226865827855,-3.69154034596321,0.000222900029207088,0.00795413350935868
ENSG00000198689.15,80.0749569453156,-2.14728095201524,0.582669524295716,-3.68524671787271,0.000228481202448217,0.00810673442873361
ENSG00000133026.16,169.91613685685,-1.47353328520608,0.40255393738345,-3.66046173783285,0.000251761148794584,0.00887133615030814
ENSG00000198682.15,209.806463286571,1.08181881349009,0.29595547889015,3.65534308588229,0.000256838265525666,0.00901924511883623
ENSG00000177494.8,19.9878895757006,-4.34764992950561,1.19069767686374,-3.65134661298509,0.000260868884859809,0.00912952063260233
ENSG00000154277.15,318.186083966256,1.05831881620472,0.290900586445219,3.63807728659915,0.000274681005733004,0.00954772553486856
ENSG00000198826.13,101.475656977309,-1.5350907979131,0.424210933017461,-3.61869692276391,0.00029609015120418,0.0102571230082691
ENSG00000198755.13,269.329680143667,1.01723997327268,0.281668009288366,3.61148564880596,0.000304447934226674,0.0105111418099674
ENSG00000122042.11,92.3140473005787,-1.58760414101909,0.440031452404667,-3.60793332463671,0.000308645778172171,0.0106203147965686
ENSG00000121060.20,83.3083747441363,1.66616262291179,0.463751061600541,3.59279527503695,0.000327149613310384,0.0111819737829489
ENSG00000204381.14,156.27730701439,-1.20703798818812,0.336891140577707,-3.58287245582733,0.000339836561791435,0.0115770236033534
ENSG00000274829.4,11.6179426015674,-6.64344640055523,1.85502659522381,-3.58132137709524,0.000341860826642135,0.0116074202529419
ENSG00000117174.13,397.310048185359,1.0985042854821,0.306845784673777,3.57998819064756,0.000343609735989019,0.0116282977981234
ENSG00000186577.16,58.0847241551487,1.87628366485837,0.524933452323603,3.5743267199929,0.000351130258672916,0.0118437160277371
ENSG00000185745.11,24.7532438002204,-3.06744264518643,0.86089666348436,-3.56307879365147,0.000366530603379158,0.0122823686504898
ENSG00000169981.13,22.8912326529728,-3.07390313527925,0.8630086444057,-3.56184512774615,0.000368257605806339,0.0123000439411668
ENSG00000168140.7,17.6744509199295,-4.76787314832077,1.34586273133201,-3.54261473872747,0.000396181031842103,0.0131025949148677
ENSG00000169228.16,78.9944793365519,1.60131117586907,0.45217192115755,3.54137685455955,0.000398044615175707,0.0131025949148677
ENSG00000124198.12,389.709813520638,1.03363427510644,0.292762483740092,3.53062408100102,0.000414580509243922,0.013538562234991
ENSG00000143367.19,95.773363895723,-1.48663963241842,0.421337658078881,-3.52838063228638,0.000418110471480166,0.0135655691199471
ENSG00000164211.15,123.405747459698,-1.46427830315391,0.415007906245256,-3.5283142347861,0.000418215371272104,0.0135655691199471
ENSG00000197632.11,8.44320991332824,6.83543278675004,1.93816957592108,3.52674650952645,0.000420699334907662,0.0135655691199471
ENSG00000184611.15,32.0344096040892,-2.62040898200664,0.745952490177495,-3.51283629522187,0.00044335054776729,0.0142511489555041
ENSG00000143322.22,345.92188415369,1.05294729183816,0.300450388722585,3.50456292073691,0.000457357477398833,0.0145644210349305
ENSG00000264247.3,36.5805641280599,2.2952627756201,0.657819063570798,3.48920075858074,0.000484467148029299,0.0153792692590853
ENSG00000150593.20,242.66837532903,1.01838939582719,0.292876814992591,3.47719363123008,0.000506691749959708,0.0158602778197981
ENSG00000257453.1,18.9728514137874,3.84924861067288,1.10710625220812,3.47685563422261,0.00050733090744039,0.0158602778197981
ENSG00000169715.16,19.6489085270492,3.37501704253419,0.97100874616861,3.47578439004929,0.000509361616037451,0.0158753617351004
ENSG00000138764.17,49.3822498145694,-2.10937780520803,0.607508984412549,-3.47217548930204,0.000516258742334209,0.0159449311563102
ENSG00000166548.18,19.307989488467,3.78257938617801,1.08922283667838,3.47273235448598,0.000515188843772947,0.0159449311563102
ENSG00000178031.20,132.331520131425,1.33800426769314,0.38521388300094,3.47340614328242,0.000513897064491148,0.0159449311563102
ENSG00000149809.19,45.9886944681597,-2.14775991136167,0.618919858644549,-3.4701745005651,0.000520120333330694,0.0160159576515704
ENSG00000102977.20,212.657575978333,1.08788372222918,0.313587661042765,3.46915346927769,0.00052210111887249,0.0160288169847859
ENSG00000290315.1,35.7486592830396,-8.28302931648761,2.39029199168485,-3.46527928190445,0.000529681110174771,0.0162129853842749
ENSG00000008256.19,45.9718476381295,-2.00906092770005,0.580841391210818,-3.45888044154699,0.000542425624935417,0.0165105359941564
ENSG00000099204.24,36.3025643448248,2.37926958066294,0.689138461897088,3.45252763009801,0.000555360596240234,0.0167984293623816
ENSG00000140945.18,125.954694104805,1.25162472242261,0.362476148090468,3.45298505575109,0.000554419716619595,0.0167984293623816
ENSG00000228854.8,10.0206840069199,-6.44129269881536,1.86719587252184,-3.44971451233755,0.000561179678670514,0.0168748868770893
ENSG00000184661.16,106.11427335039,-1.36468276692318,0.396089845089919,-3.44538690865294,0.000570242526832525,0.017097271550119
ENSG00000141458.15,152.171734033022,1.17491034029691,0.341598043984286,3.43945277494316,0.000582891470626049,0.0174255660052464
ENSG00000134762.18,91.9432266128045,-1.47418868785314,0.429207043295855,-3.43467962811826,0.000593254741968348,0.0176325626786766
ENSG00000072571.22,160.012149108883,-1.28832807004377,0.376861615804546,-3.41857067956727,0.000629509659287274,0.018548827719344
ENSG00000130202.12,98.2800122958714,-1.56380367992859,0.458111528534768,-3.4135872653768,0.000641136222708918,0.0187834595075921
ENSG00000062370.19,14.6848099706481,-4.06988552233571,1.19289378086234,-3.41177528764849,0.000645412947802211,0.0188548842357945
ENSG00000101871.19,115.785311969029,-1.34918698186592,0.395963060705973,-3.40735567469454,0.000655955886456056,0.0190004849144644
ENSG00000102409.12,21.5575031278032,2.97696203421632,0.873923100696274,3.40643476736627,0.000658172766693438,0.0190109959145761
ENSG00000023228.17,226.318904718786,-1.00117692071516,0.294242510774167,-3.40255702033338,0.000667584232752732,0.0191748143491499
ENSG00000197046.13,14.3777530761231,4.00532827555526,1.18181643956258,3.38912892177885,0.000701150369595682,0.0200826700833355
ENSG00000118855.23,396.91758174915,1.00677936693645,0.297737772009972,3.38142977338709,0.000721096623568913,0.0205964478497929
ENSG00000128422.20,38.4297823583212,-2.27882566316146,0.675759393464963,-3.37224415257738,0.000745583219621513,0.0210033250934038
ENSG00000163159.17,318.542540164486,1.03136215766031,0.306070122450276,3.36969237442595,0.000752521428480842,0.0211406978839522
ENSG00000141524.21,43.521081413582,2.01320086213688,0.59781005347347,3.36762630611434,0.000758182880083502,0.0212415498698804
ENSG00000118523.8,486.457298199572,-1.11982464571246,0.333091912628228,-3.36190884034559,0.000774056732189003,0.0215111893433104
ENSG00000166326.9,143.488409493346,-1.20747925131544,0.359166457415414,-3.36189314560314,0.000774100728270092,0.0215111893433104
ENSG00000152382.8,263.281918572281,1.16276330751144,0.347288514506015,3.34811909678431,0.000813620388091099,0.022487502586216
ENSG00000168216.15,92.1942876747654,1.60882581376827,0.48134214107017,3.34237474032787,0.000830648359201903,0.022896420094775
ENSG00000146842.19,344.416659032058,1.05470745739444,0.315998351501909,3.33769923919387,0.000844751337214819,0.0231606422775421
ENSG00000115339.17,161.80854730528,-1.13412535465818,0.340213589509213,-3.33356864519802,0.000857395117894896,0.0233822594119528
ENSG00000204209.15,439.812276182661,1.26815426835478,0.381223058999628,3.32654134742679,0.00087930973350032,0.0238601106328957
ENSG00000198420.12,93.0212999643714,-1.64085358408163,0.49348001593623,-3.32506592180558,0.000883976313343793,0.0239163406781722
ENSG00000158258.16,21.6426898324953,-3.36770989599618,1.01511627676221,-3.31756072982865,0.000908071724397721,0.0245035985841427
ENSG00000281383.1,67.2538967498527,2.275345548109,0.686480504236342,3.31450861906144,0.000918043495698333,0.0246429790703945
ENSG00000002834.21,403.604788700228,-1.01592887375434,0.307235814934877,-3.30667462701143,0.000944104840345467,0.0251450676179284
ENSG00000169174.15,23.5918399008129,-2.93220969853939,0.887626778162778,-3.30342636193166,0.000955110503094209,0.0253722878205389
ENSG00000114573.14,135.611252827257,-1.26584068871411,0.383599441322983,-3.29990232610454,0.000967184839040798,0.0256266494561353
ENSG00000054267.24,40.770424605893,-2.15049409347666,0.652600361053971,-3.29526954291527,0.000983273167473631,0.0259189795868242
ENSG00000276787.1,10.4006453481128,-6.47724879555236,1.96836330739619,-3.29067747362181,0.000999464337946505,0.0262394559207706
ENSG00000107036.14,86.7040082039116,-1.42942487543987,0.435455987582547,-3.28259322687324,0.00102856968711544,0.0268664370599172
ENSG00000173786.18,148.03529539169,-1.16856566229609,0.356022054829581,-3.28228447211074,0.00102969668076336,0.0268664370599172
ENSG00000123572.19,173.543151252311,-1.50149727918958,0.458154947583887,-3.27726959428865,0.00104816237260301,0.027278824793582
ENSG00000101333.21,496.057969101125,-1.04580716599591,0.319439069869907,-3.27388621066868,0.00106079318868851,0.0275376540678784
ENSG00000108523.18,426.079307016325,1.01021048895725,0.310254774557305,3.25606750258297,0.00112966890740413,0.0288868453279849
ENSG00000132561.16,182.175989324053,-1.09383662370951,0.335935287670683,-3.25609325323929,0.00112956645541113,0.0288868453279849
ENSG00000183287.17,140.84721314648,-1.31460918491846,0.403676359496015,-3.25659195539649,0.00112758400391798,0.0288868453279849
ENSG00000196998.21,84.3243356686083,1.4262261828728,0.438725955805555,3.25083611762625,0.00115066164541379,0.029133048177958
ENSG00000274336.2,8.83620542262661,-6.2573286233625,1.92415740160842,-3.25198376085653,0.00114602569314477,0.029133048177958
ENSG00000107862.9,436.980433931072,1.07929057475162,0.332703265873592,3.24400354747852,0.00117862278335367,0.0297674828091343
ENSG00000092096.20,114.279419020983,1.37756849358417,0.426509644321284,3.2298648153111,0.00123848762689896,0.0309742734785901
ENSG00000162614.21,59.9558883758576,-1.65006253349506,0.51120191184022,-3.22780978567779,0.0012474189156034,0.0311217361571709
ENSG00000166348.22,53.7889023947194,1.83118371952411,0.56789080799809,3.22453488194207,0.00126177483906586,0.0314034932033528
ENSG00000148926.12,170.355884751083,-1.0586648732488,0.329413280980032,-3.21378928651324,0.0013099576652032,0.0322891968725809
ENSG00000235437.11,162.644474804861,1.1642201973272,0.362467705825198,3.21192806591341,0.00131847384061082,0.0324211768863868
ENSG00000113758.16,245.815050892652,-1.05246695432883,0.328394757065218,-3.20488354849044,0.00135117134887888,0.0329095273430023
ENSG00000275911.3,8.51227691489503,-6.20374200527097,1.93562680787728,-3.20503000889638,0.00135048399787579,0.0329095273430023
ENSG00000243989.11,84.1118784216156,1.54233205593959,0.48159436244581,3.2025542161805,0.00136214657263315,0.0330982250136973
ENSG00000072163.22,119.604434427295,-1.40395402823889,0.439124977849912,-3.19716276471695,0.00138786589554665,0.0336434441913364
ENSG00000129128.14,210.07073976099,-1.13032008325701,0.354313525615821,-3.19016916244572,0.00142189537870708,0.0343061534429704
ENSG00000145868.19,198.547565639279,1.01217613559953,0.317662752412542,3.18632300423134,0.00144093625048687,0.0346839443955219
ENSG00000102786.17,38.4358975544054,-2.12332137528361,0.666994575421075,-3.18341625783561,0.00145548207882739,0.0349487318989204
ENSG00000203875.14,54.8311332149987,1.68847147114121,0.532770978161458,3.16922569049831,0.00152845658810668,0.03627961540381
ENSG00000270866.2,70.907589813877,-1.51604086481699,0.478822345876464,-3.16618653634876,0.00154451713288111,0.0365761632345564
ENSG00000125872.11,15.9062521259779,-3.67443474094125,1.16081287603426,-3.16539798687829,0.00154870957623649,0.0365909400800206
ENSG00000128805.17,12.4697843178054,3.77567481441279,1.19454906119087,3.16075323909152,0.00157361748632485,0.0369241961207667
ENSG00000049759.22,246.034170791005,1.09447165504238,0.346517351250015,3.1584901913114,0.00158588646026461,0.037079495741555
ENSG00000084731.17,23.7352622678452,-2.83471689054066,0.898035653670555,-3.15657499672121,0.00159633830494481,0.037079495741555
ENSG00000175305.20,132.945643888694,-1.16990017216426,0.37066568996032,-3.15621381706385,0.00159831647335355,0.037079495741555
ENSG00000136153.23,129.768556442791,-1.14054876931618,0.362386230550174,-3.14732921166623,0.00164769331481671,0.0379672971913047
ENSG00000187678.12,90.078361247941,1.35940990030918,0.432599564964657,3.14242086771457,0.00167556997948749,0.0384369006032767
ENSG00000131504.19,184.978223445537,-1.25559079139748,0.400790664749436,-3.13278452276938,0.00173156510775499,0.0396196836647181
ENSG00000136478.11,130.5550123652,-1.13786564449444,0.363352679526872,-3.13157356091629,0.00173872222051133,0.0396196836647181
ENSG00000013810.23,176.919491108145,-1.07882622475898,0.345590953263689,-3.12168537564648,0.00179818998545202,0.0407033998031457
ENSG00000019144.22,69.0979108089032,-1.59946722108056,0.512320057805535,-3.1220078088133,0.0017962217420072,0.0407033998031457
ENSG00000129474.19,111.074809132384,-1.51905759532277,0.486896494512739,-3.11987786406834,0.00180926041155017,0.0407739698022758
ENSG00000169429.14,15.4083350185532,3.63570493336304,1.16867201493935,3.11097115947602,0.00186473150665662,0.0418401682040633
ENSG00000184743.15,136.500790997849,-1.11319956525267,0.358323368045517,-3.10668983528661,0.00189194789664844,0.0423581522537842
ENSG00000163625.18,19.2805601130549,-2.98203320996937,0.960976067853967,-3.10312952603365,0.00191485813355667,0.0427776803954033
ENSG00000113810.18,250.277622991141,-1.06996936472352,0.345061601197679,-3.10080681539108,0.00192994157399816,0.0428346772722449
ENSG00000142910.18,21.3744710811919,-2.91687053732508,0.94059216365783,-3.10110018988654,0.00192803042945499,0.0428346772722449
ENSG00000171150.11,142.532100316948,-1.22842158005127,0.396108794180989,-3.10122268956741,0.00192723293792097,0.0428346772722449
ENSG00000163110.17,151.643093649697,-1.18683864589177,0.383076461471055,-3.09817690529505,0.00194715158366836,0.0431233095873334
ENSG00000103512.18,83.1937315518683,1.63007055725807,0.528735172758577,3.08296221103181,0.0020495117870897,0.0451950405695005
ENSG00000254471.1,15.4492564558341,-3.50581504511928,1.13769135512692,-3.08151681852956,0.00205948841716569,0.0453175841837275
ENSG00000141052.20,17.1108297194495,-3.30688359284603,1.07392929357852,-3.07923772320887,0.0020753101149137,0.0454397673771086
ENSG00000266338.9,79.1639215228516,1.5550165214782,0.505259146895271,3.07766129724421,0.00208631896329385,0.0455172652119471
ENSG00000156510.15,38.5921172665931,1.99827077396936,0.649850645289393,3.0749692847954,0.00210524233267143,0.0458326005928086
ENSG00000128228.7,45.5461170376984,1.79851044826478,0.585147026056084,3.0736043561339,0.0021148970536835,0.0458481065295363
ENSG00000261893.5,7.79898140857617,-6.07732082228409,1.97716994468253,-3.07374732183677,0.00211388389603922,0.0458481065295363
ENSG00000274611.5,6.22316582620005,6.39600655498933,2.08240550037242,3.07145104728424,0.00213021090872745,0.0459856477012447
ENSG00000172732.14,74.257665732981,-1.47950692796197,0.482305810406369,-3.06757019310094,0.0021580676994147,0.0463916691610028
ENSG00000275176.4,35.4810571371463,2.13987492125194,0.697510263551831,3.06787589096591,0.00215586134052938,0.0463916691610028
ENSG00000140443.15,28.6876446409139,-2.36936473731719,0.772664691811747,-3.06648506451291,0.00216591628703903,0.0464629824420466
ENSG00000188211.10,16.03327822184,3.05877460322543,1.0009146469824,3.05597946083331,0.00224326622209228,0.0479217746694463
ENSG00000107201.14,12.7542542296749,-4.46483457098399,1.46165093935525,-3.05465173029169,0.00225322006769642,0.0479502618357769
ENSG00000128708.15,38.0115144946689,-2.55809611664616,0.837569336625849,-3.05419026793824,0.00225668906426088,0.0479502618357769
ENSG00000115568.18,148.674750092594,1.09705798579636,0.360031740828083,3.04711463292956,0.0023104957785595,0.0488491210584519
ENSG00000136213.12,24.4631058893373,-2.61251090972721,0.858220742183536,-3.04410133817123,0.0023337651308103,0.0492395630685778
ENSG00000278550.4,11.0098480300564,-4.66137265274364,1.53280753452406,-3.0410684627741,0.00235740221394938,0.0494331335415888
